-- GoBus transit seed (auto-generated from data/manila-transit.json)
-- Run in Supabase → SQL Editor AFTER transit-catalog.sql

truncate table public.transit_departures cascade;
truncate table public.transit_places cascade;
truncate table public.transit_routes cascade;
truncate table public.transit_meta cascade;

insert into public.transit_meta (id, source, publisher_url, built_at, route_count, departure_count, place_count)
values (1, 'Sakay.ph', 'http://sakay.ph', '2026-05-21T21:40:56.405Z', 51, 195, 40);

insert into public.transit_places (label, search_keys, sort_order) values
  ('Alabang · Muntinlupa south', ARRAY['Alabang · Muntinlupa south', 'Alabang']::text[], 1),
  ('Alabang · to Lawton (Manila)', ARRAY['Alabang · to Lawton (Manila)', 'Muntinlupa-Lawton']::text[], 2),
  ('Antipolo · east of Metro Manila', ARRAY['Antipolo · east of Metro Manila', 'Antipolo']::text[], 3),
  ('Ayala · Makati CBD (MRT-3)', ARRAY['Ayala · Makati CBD (MRT-3)', 'Ayala']::text[], 4),
  ('Baclaran · LRT-1 & Roxas Blvd', ARRAY['Baclaran · LRT-1 & Roxas Blvd', 'Baclaran']::text[], 5),
  ('Baclaran · SM Fairview corridor', ARRAY['Baclaran · SM Fairview corridor', 'Baclaran-SM']::text[], 6),
  ('Balintawak · Quezon City (LRT-1)', ARRAY['Balintawak · Quezon City (LRT-1)', 'Balintawak']::text[], 7),
  ('Cainta · Ortigas East', ARRAY['Cainta · Ortigas East', 'Cainta']::text[], 8),
  ('Cubao · Araneta City', ARRAY['Cubao · Araneta City', 'Cubao']::text[], 9),
  ('Dasmariñas · Cavite', ARRAY['Dasmariñas · Cavite', 'Dasmarinas']::text[], 10),
  ('Dasmariñas · Cavite (south of Manila)', ARRAY['Dasmariñas · Cavite (south of Manila)', 'Dasmarinas (Cavite)']::text[], 11),
  ('Fairview · Quezon City north', ARRAY['Fairview · Quezon City north', 'Fairview']::text[], 12),
  ('Grotto · San Jose del Monte', ARRAY['Grotto · San Jose del Monte', 'Grotto']::text[], 13),
  ('Intramuros · Old walled city (near Lawton)', ARRAY['Intramuros · Old walled city (near Lawton)', 'Lawton', 'Plaza Lawton', 'Quiapo', 'Manila', 'Taft']::text[], 14),
  ('Lawton · Manila City Hall area', ARRAY['Lawton · Manila City Hall area', 'Lawton']::text[], 15),
  ('Lawton · Plaza Lawton (Intramuros nearby)', ARRAY['Lawton · Plaza Lawton (Intramuros nearby)', 'Plaza Lawton']::text[], 16),
  ('Makati · CBD (Ayala / Buendia)', ARRAY['Makati · CBD (Ayala / Buendia)', 'Ayala', 'Buendia', 'Makati', 'Gil Puyat']::text[], 17),
  ('Malabon · north Manila', ARRAY['Malabon · north Manila', 'Malabon']::text[], 18),
  ('Manila · Ermita / Asturias (near Rizal Park)', ARRAY['Manila · Ermita / Asturias (near Rizal Park)', 'Asturias-Ayala']::text[], 19),
  ('MOA · Mall of Asia (Pasay / Baclaran area)', ARRAY['MOA · Mall of Asia (Pasay / Baclaran area)', 'Baclaran', 'NAIA', 'Pasay', 'Roxas', 'MOA', 'MIA', 'Leveriza']::text[], 20),
  ('Monumento · North EDSA hub', ARRAY['Monumento · North EDSA hub', 'Monumento']::text[], 21),
  ('NAIA · Domestic Terminal', ARRAY['NAIA · Domestic Terminal', 'Domestic']::text[], 22),
  ('NAIA · Manila Airport', ARRAY['NAIA · Manila Airport', 'NAIA']::text[], 23),
  ('Navotas · Manila Bay north', ARRAY['Navotas · Manila Bay north', 'Navotas', 'City Navotas']::text[], 24),
  ('North Avenue · Cubao (MRT-3)', ARRAY['North Avenue · Cubao (MRT-3)', 'North Ave']::text[], 25),
  ('Novaliches · Quezon City', ARRAY['Novaliches · Quezon City', 'Novaliches']::text[], 26),
  ('Ortigas · Mandaluyong / Pasig CBD', ARRAY['Ortigas · Mandaluyong / Pasig CBD', 'Cainta', 'Ortigas', 'Shaw', 'Antipolo', 'Cubao']::text[], 27),
  ('Ortigas · Shaw Blvd / EDSA', ARRAY['Ortigas · Shaw Blvd / EDSA', 'EDSA/Shaw Blvd.']::text[], 28),
  ('Pandacan · Manila south', ARRAY['Pandacan · Manila south', 'Pandacan']::text[], 29),
  ('Pasay · Roxas Blvd & airport corridor', ARRAY['Pasay · Roxas Blvd & airport corridor', 'NAIA', 'Domestic', 'Baclaran', 'Leveriza', 'Pasay', 'Taft']::text[], 30),
  ('Pasay · to SM Fairview', ARRAY['Pasay · to SM Fairview', 'Fairview Ayala Leveriza']::text[], 31),
  ('Quezon City · Cubao & north', ARRAY['Quezon City · Cubao & north', 'Cubao', 'North Ave', 'Fairview', 'SM Fairview', 'Balintawak', 'Novaliches']::text[], 32),
  ('Quiapo · Old Manila & markets', ARRAY['Quiapo · Old Manila & markets', 'Quiapo']::text[], 33),
  ('Recto · LRT-2 (Chinatown / Quiapo)', ARRAY['Recto · LRT-2 (Chinatown / Quiapo)', 'Recto']::text[], 34),
  ('Roosevelt · Quezon City (LRT-1 north)', ARRAY['Roosevelt · Quezon City (LRT-1 north)', 'Roosevelt']::text[], 35),
  ('Santolan · LRT-2 (Greenhills area)', ARRAY['Santolan · LRT-2 (Greenhills area)', 'Santolan']::text[], 36),
  ('SM Fairview · Quezon City', ARRAY['SM Fairview · Quezon City', 'SM Fairview', 'SM']::text[], 37),
  ('Taft Avenue · MRT-3 & EDSA', ARRAY['Taft Avenue · MRT-3 & EDSA', 'Taft Ave']::text[], 38),
  ('Taguig · BGC / McKinley area', ARRAY['Taguig · BGC / McKinley area', 'Taguig City', 'Taguig']::text[], 39),
  ('Taguig · FTI to Monumento', ARRAY['Taguig · FTI to Monumento', 'FTI-Monumento']::text[], 40);

insert into public.transit_routes (route_id, name, short_name, origin_label, dest_label, origin_display, dest_display, agency, route_type, is_rail) values
  ('ROUTE_880747', 'Baclaran - Roosevelt', 'LRT 1', 'Baclaran', 'Roosevelt', 'Baclaran · LRT-1 & Roxas Blvd', 'Roosevelt · Quezon City (LRT-1 north)', 'Manila Light Rail Transit Authority', '2', true),
  ('ROUTE_880801', 'Recto - Santolan', 'LRT 2', 'Recto', 'Santolan', 'Recto · LRT-2 (Chinatown / Quiapo)', 'Santolan · LRT-2 (Greenhills area)', 'Manila Light Rail Transit Authority', '2', true),
  ('LTFRB_PUB1003', 'Alabang Fairview', '', 'Alabang', 'Fairview', 'Alabang · Muntinlupa south', 'Fairview · Quezon City north', 'LTFRB', '3', false),
  ('LTFRB_PUB1007', 'Alabang Lawton via Zapote Coastal Rd', '', 'Alabang', 'Lawton', 'Alabang · Muntinlupa south', 'Lawton · Manila City Hall area', 'LTFRB', '3', false),
  ('LTFRB_PUB1008', 'Alabang Lawton via Zapote Coastal Rd', '', 'Alabang', 'Lawton', 'Alabang · Muntinlupa south', 'Lawton · Manila City Hall area', 'LTFRB', '3', false),
  ('LTFRB_PUB1013', 'Ayala Dasmarinas (Cavite) via Coastal Rd', '', 'Ayala', 'Dasmarinas (Cavite)', 'Ayala · Makati CBD (MRT-3)', 'Dasmariñas · Cavite (south of Manila)', 'LTFRB', '3', false),
  ('LTFRB_PUB1014', 'Ayala Dasmarinas (Cavite) via Coastal Rd', '', 'Ayala', 'Dasmarinas (Cavite)', 'Ayala · Makati CBD (MRT-3)', 'Dasmariñas · Cavite (south of Manila)', 'LTFRB', '3', false),
  ('LTFRB_PUB1017', 'Ayala Malabon via EDSA', '', 'Ayala', 'Malabon', 'Ayala · Makati CBD (MRT-3)', 'Malabon · north Manila', 'LTFRB', '3', false),
  ('LTFRB_PUB1019', 'Ayala Monumento via EDSA', '', 'Ayala', 'Monumento', 'Ayala · Makati CBD (MRT-3)', 'Monumento · North EDSA hub', 'LTFRB', '3', false),
  ('LTFRB_PUB1020', 'Ayala Monumento via EDSA', '', 'Ayala', 'Monumento', 'Ayala · Makati CBD (MRT-3)', 'Monumento · North EDSA hub', 'LTFRB', '3', false),
  ('LTFRB_PUB1021', 'Ayala NAIA', '', 'Ayala', 'NAIA', 'Ayala · Makati CBD (MRT-3)', 'NAIA · Manila Airport', 'LTFRB', '3', false),
  ('LTFRB_PUB1022', 'Ayala NAIA', '', 'Ayala', 'NAIA', 'Ayala · Makati CBD (MRT-3)', 'NAIA · Manila Airport', 'LTFRB', '3', false),
  ('LTFRB_PUB1023', 'Ayala Novaliches via EDSA Buendia', '', 'Ayala', 'Novaliches', 'Ayala · Makati CBD (MRT-3)', 'Novaliches · Quezon City', 'LTFRB', '3', false),
  ('LTFRB_PUB1025', 'Ayala Quiapo via Kamagong Taft', '', 'Ayala', 'Quiapo', 'Ayala · Makati CBD (MRT-3)', 'Quiapo · Old Manila & markets', 'LTFRB', '3', false),
  ('LTFRB_PUB1026', 'Ayala Quiapo via Kamagong Taft', '', 'Ayala', 'Quiapo', 'Ayala · Makati CBD (MRT-3)', 'Quiapo · Old Manila & markets', 'LTFRB', '3', false),
  ('LTFRB_PUB1033', 'Baclaran Monumento via EDSA', '', 'Baclaran', 'Monumento', 'Baclaran · LRT-1 & Roxas Blvd', 'Monumento · North EDSA hub', 'LTFRB', '3', false),
  ('LTFRB_PUB1034', 'Baclaran Monumento via EDSA', '', 'Baclaran', 'Monumento', 'Baclaran · LRT-1 & Roxas Blvd', 'Monumento · North EDSA hub', 'LTFRB', '3', false),
  ('LTFRB_PUB1037', 'Baclaran Novaliches via EDSA Quirino', '', 'Baclaran', 'Novaliches', 'Baclaran · LRT-1 & Roxas Blvd', 'Novaliches · Quezon City', 'LTFRB', '3', false),
  ('LTFRB_PUB1041', 'Baclaran SM Fairview via Lagro', '', 'Baclaran', 'SM Fairview', 'Baclaran · LRT-1 & Roxas Blvd', 'SM Fairview · Quezon City', 'LTFRB', '3', false),
  ('LTFRB_PUB1043', 'Domestic Grotto via EDSA', '', 'Domestic', 'Grotto', 'NAIA · Domestic Terminal', 'Grotto · San Jose del Monte', 'LTFRB', '3', false),
  ('LTFRB_PUB1044', 'Domestic Grotto via EDSA', '', 'Domestic', 'Grotto', 'NAIA · Domestic Terminal', 'Grotto · San Jose del Monte', 'LTFRB', '3', false),
  ('LTFRB_PUB1053', 'Pandacan Quiapo', '', 'Pandacan', 'Quiapo', 'Pandacan · Manila south', 'Quiapo · Old Manila & markets', 'LTFRB', '3', false),
  ('LTFRB_PUB1057', 'SM Fairview Ayala Leveriza via EDSA', '', 'SM', 'Fairview Ayala Leveriza', 'SM Fairview · Quezon City', 'Pasay · to SM Fairview', 'LTFRB', '3', false),
  ('LTFRB_PUB1058', 'SM Fairview Ayala Leveriza via EDSA', '', 'SM', 'Fairview Ayala Leveriza', 'SM Fairview · Quezon City', 'Pasay · to SM Fairview', 'LTFRB', '3', false),
  ('LTFRB_PUB1059', 'Taguig City Navotas', '', 'Taguig', 'City Navotas', 'Taguig · BGC / McKinley area', 'Navotas · Manila Bay north', 'LTFRB', '3', false),
  ('LTFRB_PUB1060', 'Taguig City Navotas', '', 'Taguig', 'City Navotas', 'Taguig · BGC / McKinley area', 'Navotas · Manila Bay north', 'LTFRB', '3', false),
  ('LTFRB_PUB1065', 'Ayala Balintawak', '', 'Ayala', 'Balintawak', 'Ayala · Makati CBD (MRT-3)', 'Balintawak · Quezon City (LRT-1)', 'LTFRB', '3', false),
  ('LTFRB_PUB1066', 'Ayala Balintawak', '', 'Ayala', 'Balintawak', 'Ayala · Makati CBD (MRT-3)', 'Balintawak · Quezon City (LRT-1)', 'LTFRB', '3', false),
  ('LTFRB_PUB1067', 'Ayala Fairview via EDSA', '', 'Ayala', 'Fairview', 'Ayala · Makati CBD (MRT-3)', 'Fairview · Quezon City north', 'LTFRB', '3', false),
  ('LTFRB_PUB1068', 'Ayala Fairview via EDSA', '', 'Ayala', 'Fairview', 'Ayala · Makati CBD (MRT-3)', 'Fairview · Quezon City north', 'LTFRB', '3', false),
  ('LTFRB_PUB1077', 'FTI-Monumento via EDSA', '', 'FTI-Monumento', 'FTI-Monumento', 'Taguig · FTI to Monumento', 'Taguig · FTI to Monumento', 'LTFRB', '3', false),
  ('LTFRB_PUB1078', 'FTI-Monumento via EDSA', '', 'FTI-Monumento', 'FTI-Monumento', 'Taguig · FTI to Monumento', 'Taguig · FTI to Monumento', 'LTFRB', '3', false),
  ('LTFRB_PUB1084', 'Monumento NAIA via EDSA Coastal Rd', '', 'Monumento', 'NAIA', 'Monumento · North EDSA hub', 'NAIA · Manila Airport', 'LTFRB', '3', false),
  ('LTFRB_PUB1085', 'Monumento NAIA via EDSA Coastal Rd', '', 'Monumento', 'NAIA', 'Monumento · North EDSA hub', 'NAIA · Manila Airport', 'LTFRB', '3', false),
  ('LTFRB_PUB1090', 'NAIA SM Fairview', '', 'NAIA', 'SM Fairview', 'NAIA · Manila Airport', 'SM Fairview · Quezon City', 'LTFRB', '3', false),
  ('LTFRB_PUB1091', 'NAIA SM Fairview', '', 'NAIA', 'SM Fairview', 'NAIA · Manila Airport', 'SM Fairview · Quezon City', 'LTFRB', '3', false),
  ('LTFRB_PUB1098', 'Alabang - Plaza Lawton', '', 'Alabang', 'Plaza Lawton', 'Alabang · Muntinlupa south', 'Lawton · Plaza Lawton (Intramuros nearby)', 'LTFRB', '3', false),
  ('LTFRB_PUB1099', 'Alabang - Plaza Lawton', '', 'Alabang', 'Plaza Lawton', 'Alabang · Muntinlupa south', 'Lawton · Plaza Lawton (Intramuros nearby)', 'LTFRB', '3', false),
  ('LTFRB_PUB1105', 'Alabang Muntinlupa-Lawton via SSH Taft Ave', '', 'Alabang', 'Muntinlupa-Lawton', 'Alabang · Muntinlupa south', 'Alabang · to Lawton (Manila)', 'LTFRB', '3', false),
  ('LTFRB_PUB1108', 'Asturias-Ayala via Buendia Ave, Taft Ave', '', 'Asturias-Ayala', 'Asturias-Ayala', 'Manila · Ermita / Asturias (near Rizal Park)', 'Manila · Ermita / Asturias (near Rizal Park)', 'LTFRB', '3', false),
  ('LTFRB_PUB1109', 'Asturias-Ayala via Buendia Ave, Taft Ave', '', 'Asturias-Ayala', 'Asturias-Ayala', 'Manila · Ermita / Asturias (near Rizal Park)', 'Manila · Ermita / Asturias (near Rizal Park)', 'LTFRB', '3', false),
  ('LTFRB_PUB1135', 'Baclaran-SM Fairview via Quezon Ave', '', 'Baclaran-SM', 'Fairview', 'Baclaran · SM Fairview corridor', 'Fairview · Quezon City north', 'LTFRB', '3', false),
  ('LTFRB_PUB1136', 'Baclaran-SM Fairview via Quezon Ave', '', 'Baclaran-SM', 'Fairview', 'Baclaran · SM Fairview corridor', 'Fairview · Quezon City north', 'LTFRB', '3', false),
  ('LTFRB_PUB1141', 'Cainta - Quiapo via Ortigas Ave, Magsaysay Blvd', '', 'Cainta', 'Quiapo', 'Cainta · Ortigas East', 'Quiapo · Old Manila & markets', 'LTFRB', '3', false),
  ('LTFRB_PUB1142', 'Cainta - Quiapo via Ortigas Ave, Magsaysay Blvd', '', 'Cainta', 'Quiapo', 'Cainta · Ortigas East', 'Quiapo · Old Manila & markets', 'LTFRB', '3', false),
  ('LTFRB_PUB1144', 'Dasmarinas - Plaza Lawton via E. Aguinaldo Highway, Roxas Blvd', '', 'Dasmarinas', 'Plaza Lawton', 'Dasmariñas · Cavite', 'Lawton · Plaza Lawton (Intramuros nearby)', 'LTFRB', '3', false),
  ('LTFRB_PUJ1043', 'Antipolo - Cubao via Marcos Highway', '', 'Antipolo', 'Cubao', 'Antipolo · east of Metro Manila', 'Cubao · Araneta City', 'LTFRB', '3', false),
  ('LTFRB_PUJ1044', 'Antipolo - Cubao via Marcos Highway', '', 'Antipolo', 'Cubao', 'Antipolo · east of Metro Manila', 'Cubao · Araneta City', 'LTFRB', '3', false),
  ('LTFRB_PUJ1047', 'Antipolo - EDSA/Shaw Blvd.', '', 'Antipolo', 'EDSA/Shaw Blvd.', 'Antipolo · east of Metro Manila', 'Ortigas · Shaw Blvd / EDSA', 'LTFRB', '3', false),
  ('LTFRB_PUJ1048', 'Antipolo - EDSA/Shaw Blvd.', '', 'Antipolo', 'EDSA/Shaw Blvd.', 'Antipolo · east of Metro Manila', 'Ortigas · Shaw Blvd / EDSA', 'LTFRB', '3', false),
  ('ROUTE_880854', 'Taft Ave - North Ave', 'MRT-3', 'Taft Ave', 'North Ave', 'Taft Avenue · MRT-3 & EDSA', 'North Avenue · Cubao (MRT-3)', 'Manila Metro Rail Transit Corporation', '2', true);

insert into public.transit_departures (id, route_id, trip_id, route_line, bus_name, origin_label, dest_label, origin_display, dest_display, seats_available, depart_time, arrive_time, duration, adult_fare, child_fare, occupied_seats) values
  (1, 'ROUTE_880747', '882210', 'Baclaran · LRT-1 & Roxas Blvd → Roosevelt · Quezon City (LRT-1 north)', 'LRT 1 · Baclaran - Roosevelt', 'Baclaran', 'Roosevelt', 'Baclaran · LRT-1 & Roxas Blvd', 'Roosevelt · Quezon City (LRT-1 north)', 21, '06:00', '06:49', '50m', 53, 34, ARRAY[1, 2, 3, 9, 17, 25, 33]::int[]),
  (2, 'ROUTE_880801', '880815', 'Recto · LRT-2 (Chinatown / Quiapo) → Santolan · LRT-2 (Greenhills area)', 'LRT 2 · Recto - Santolan', 'Recto', 'Santolan', 'Recto · LRT-2 (Chinatown / Quiapo)', 'Santolan · LRT-2 (Greenhills area)', 22, '06:00', '06:33', '34m', 44, 29, ARRAY[1, 2, 9, 17, 20, 25, 33]::int[]),
  (3, 'ROUTE_880854', '881478', 'Taft Avenue · MRT-3 & EDSA → North Avenue · Cubao (MRT-3)', 'MRT-3 · Taft Ave - North Ave', 'Taft Ave', 'North Ave', 'Taft Avenue · MRT-3 & EDSA', 'North Avenue · Cubao (MRT-3)', 23, '06:00', '06:27', '27m', 43, 28, ARRAY[1, 2, 9, 17, 25, 26, 33]::int[]),
  (4, 'LTFRB_PUB1003', '725658', 'Alabang · Muntinlupa south → Fairview · Quezon City north', 'LTFRB · Alabang Fairview', 'Alabang', 'Fairview', 'Alabang · Muntinlupa south', 'Fairview · Quezon City north', 24, '06:00', '09:28', '3h 28m', 153, 99, ARRAY[1, 2, 9, 17, 25, 29, 33]::int[]),
  (5, 'LTFRB_PUB1003', '725658', 'Alabang · Muntinlupa south → Fairview · Quezon City north', 'LTFRB · Alabang Fairview', 'Alabang', 'Fairview', 'Alabang · Muntinlupa south', 'Fairview · Quezon City north', 25, '08:00', '11:28', '3h 28m', 153, 99, ARRAY[1, 2, 5, 9, 17, 25, 33]::int[]),
  (6, 'LTFRB_PUB1003', '725658', 'Alabang · Muntinlupa south → Fairview · Quezon City north', 'LTFRB · Alabang Fairview', 'Alabang', 'Fairview', 'Alabang · Muntinlupa south', 'Fairview · Quezon City north', 26, '11:00', '14:28', '3h 28m', 153, 99, ARRAY[1, 9, 13, 17, 23, 25, 33]::int[]),
  (7, 'LTFRB_PUB1003', '725658', 'Alabang · Muntinlupa south → Fairview · Quezon City north', 'LTFRB · Alabang Fairview', 'Alabang', 'Fairview', 'Alabang · Muntinlupa south', 'Fairview · Quezon City north', 27, '14:00', '17:28', '3h 28m', 153, 99, ARRAY[1, 2, 9, 13, 17, 25, 33]::int[]),
  (8, 'LTFRB_PUB1007', '725253', 'Alabang · Muntinlupa south → Lawton · Manila City Hall area', 'LTFRB · Alabang Lawton via Zapote Coastal Rd', 'Alabang', 'Lawton', 'Alabang · Muntinlupa south', 'Lawton · Manila City Hall area', 28, '06:00', '08:02', '2h 3m', 102, 66, ARRAY[1, 2, 3, 9, 17, 25, 33]::int[]),
  (9, 'LTFRB_PUB1007', '725253', 'Alabang · Muntinlupa south → Lawton · Manila City Hall area', 'LTFRB · Alabang Lawton via Zapote Coastal Rd', 'Alabang', 'Lawton', 'Alabang · Muntinlupa south', 'Lawton · Manila City Hall area', 29, '08:00', '10:02', '2h 3m', 102, 66, ARRAY[1, 2, 3, 9, 17, 25, 33]::int[]),
  (10, 'LTFRB_PUB1007', '725253', 'Alabang · Muntinlupa south → Lawton · Manila City Hall area', 'LTFRB · Alabang Lawton via Zapote Coastal Rd', 'Alabang', 'Lawton', 'Alabang · Muntinlupa south', 'Lawton · Manila City Hall area', 30, '11:00', '13:02', '2h 3m', 102, 66, ARRAY[1, 2, 3, 9, 17, 25, 33]::int[]),
  (11, 'LTFRB_PUB1007', '725253', 'Alabang · Muntinlupa south → Lawton · Manila City Hall area', 'LTFRB · Alabang Lawton via Zapote Coastal Rd', 'Alabang', 'Lawton', 'Alabang · Muntinlupa south', 'Lawton · Manila City Hall area', 31, '14:00', '16:02', '2h 3m', 102, 66, ARRAY[1, 9, 13, 17, 25, 33, 37]::int[]),
  (12, 'LTFRB_PUB1008', '725702', 'Alabang · Muntinlupa south → Lawton · Manila City Hall area', 'LTFRB · Alabang Lawton via Zapote Coastal Rd', 'Alabang', 'Lawton', 'Alabang · Muntinlupa south', 'Lawton · Manila City Hall area', 32, '06:00', '08:02', '2h 2m', 99, 64, ARRAY[1, 2, 3, 9, 17, 25, 33]::int[]),
  (13, 'LTFRB_PUB1008', '725702', 'Alabang · Muntinlupa south → Lawton · Manila City Hall area', 'LTFRB · Alabang Lawton via Zapote Coastal Rd', 'Alabang', 'Lawton', 'Alabang · Muntinlupa south', 'Lawton · Manila City Hall area', 33, '08:00', '10:02', '2h 2m', 99, 64, ARRAY[1, 9, 17, 19, 21, 25, 29]::int[]),
  (14, 'LTFRB_PUB1008', '725702', 'Alabang · Muntinlupa south → Lawton · Manila City Hall area', 'LTFRB · Alabang Lawton via Zapote Coastal Rd', 'Alabang', 'Lawton', 'Alabang · Muntinlupa south', 'Lawton · Manila City Hall area', 34, '11:00', '13:02', '2h 2m', 99, 64, ARRAY[1, 2, 3, 9, 17, 25, 33]::int[]),
  (15, 'LTFRB_PUB1008', '725702', 'Alabang · Muntinlupa south → Lawton · Manila City Hall area', 'LTFRB · Alabang Lawton via Zapote Coastal Rd', 'Alabang', 'Lawton', 'Alabang · Muntinlupa south', 'Lawton · Manila City Hall area', 35, '14:00', '16:02', '2h 2m', 99, 64, ARRAY[1, 2, 3, 9, 17, 25, 33]::int[]),
  (16, 'LTFRB_PUB1013', '726189', 'Ayala · Makati CBD (MRT-3) → Dasmariñas · Cavite (south of Manila)', 'LTFRB · Ayala Dasmarinas (Cavite) via Coastal Rd', 'Ayala', 'Dasmarinas (Cavite)', 'Ayala · Makati CBD (MRT-3)', 'Dasmariñas · Cavite (south of Manila)', 36, '06:00', '08:46', '2h 47m', 126, 82, ARRAY[1, 5, 9, 17, 23, 25, 33]::int[]),
  (17, 'LTFRB_PUB1013', '726189', 'Ayala · Makati CBD (MRT-3) → Dasmariñas · Cavite (south of Manila)', 'LTFRB · Ayala Dasmarinas (Cavite) via Coastal Rd', 'Ayala', 'Dasmarinas (Cavite)', 'Ayala · Makati CBD (MRT-3)', 'Dasmariñas · Cavite (south of Manila)', 37, '08:00', '10:46', '2h 47m', 126, 82, ARRAY[1, 2, 3, 9, 17, 25, 33]::int[]),
  (18, 'LTFRB_PUB1013', '726189', 'Ayala · Makati CBD (MRT-3) → Dasmariñas · Cavite (south of Manila)', 'LTFRB · Ayala Dasmarinas (Cavite) via Coastal Rd', 'Ayala', 'Dasmarinas (Cavite)', 'Ayala · Makati CBD (MRT-3)', 'Dasmariñas · Cavite (south of Manila)', 20, '11:00', '13:46', '2h 47m', 126, 82, ARRAY[1, 2, 9, 17, 25, 29, 33]::int[]),
  (19, 'LTFRB_PUB1013', '726189', 'Ayala · Makati CBD (MRT-3) → Dasmariñas · Cavite (south of Manila)', 'LTFRB · Ayala Dasmarinas (Cavite) via Coastal Rd', 'Ayala', 'Dasmarinas (Cavite)', 'Ayala · Makati CBD (MRT-3)', 'Dasmariñas · Cavite (south of Manila)', 21, '14:00', '16:46', '2h 47m', 126, 82, ARRAY[1, 2, 9, 17, 25, 31, 33]::int[]),
  (20, 'LTFRB_PUB1014', '725933', 'Ayala · Makati CBD (MRT-3) → Dasmariñas · Cavite (south of Manila)', 'LTFRB · Ayala Dasmarinas (Cavite) via Coastal Rd', 'Ayala', 'Dasmarinas (Cavite)', 'Ayala · Makati CBD (MRT-3)', 'Dasmariñas · Cavite (south of Manila)', 22, '06:00', '08:41', '2h 42m', 123, 80, ARRAY[1, 2, 3, 9, 17, 25, 33]::int[]),
  (21, 'LTFRB_PUB1014', '725933', 'Ayala · Makati CBD (MRT-3) → Dasmariñas · Cavite (south of Manila)', 'LTFRB · Ayala Dasmarinas (Cavite) via Coastal Rd', 'Ayala', 'Dasmarinas (Cavite)', 'Ayala · Makati CBD (MRT-3)', 'Dasmariñas · Cavite (south of Manila)', 23, '08:00', '10:41', '2h 42m', 123, 80, ARRAY[1, 2, 9, 17, 21, 25, 33]::int[]),
  (22, 'LTFRB_PUB1014', '725933', 'Ayala · Makati CBD (MRT-3) → Dasmariñas · Cavite (south of Manila)', 'LTFRB · Ayala Dasmarinas (Cavite) via Coastal Rd', 'Ayala', 'Dasmarinas (Cavite)', 'Ayala · Makati CBD (MRT-3)', 'Dasmariñas · Cavite (south of Manila)', 24, '11:00', '13:41', '2h 42m', 123, 80, ARRAY[1, 2, 3, 9, 17, 25, 33]::int[]),
  (23, 'LTFRB_PUB1014', '725933', 'Ayala · Makati CBD (MRT-3) → Dasmariñas · Cavite (south of Manila)', 'LTFRB · Ayala Dasmarinas (Cavite) via Coastal Rd', 'Ayala', 'Dasmarinas (Cavite)', 'Ayala · Makati CBD (MRT-3)', 'Dasmariñas · Cavite (south of Manila)', 25, '14:00', '16:41', '2h 42m', 123, 80, ARRAY[1, 2, 3, 9, 17, 25, 33]::int[]),
  (24, 'LTFRB_PUB1017', '725809', 'Ayala · Makati CBD (MRT-3) → Malabon · north Manila', 'LTFRB · Ayala Malabon via EDSA', 'Ayala', 'Malabon', 'Ayala · Makati CBD (MRT-3)', 'Malabon · north Manila', 26, '06:00', '07:51', '1h 51m', 101, 66, ARRAY[1, 5, 9, 17, 24, 25, 33]::int[]),
  (25, 'LTFRB_PUB1017', '725809', 'Ayala · Makati CBD (MRT-3) → Malabon · north Manila', 'LTFRB · Ayala Malabon via EDSA', 'Ayala', 'Malabon', 'Ayala · Makati CBD (MRT-3)', 'Malabon · north Manila', 27, '08:00', '09:51', '1h 51m', 101, 66, ARRAY[1, 9, 17, 21, 25, 29, 33]::int[]),
  (26, 'LTFRB_PUB1017', '725809', 'Ayala · Makati CBD (MRT-3) → Malabon · north Manila', 'LTFRB · Ayala Malabon via EDSA', 'Ayala', 'Malabon', 'Ayala · Makati CBD (MRT-3)', 'Malabon · north Manila', 28, '11:00', '12:51', '1h 51m', 101, 66, ARRAY[1, 2, 3, 9, 17, 25, 33]::int[]),
  (27, 'LTFRB_PUB1017', '725809', 'Ayala · Makati CBD (MRT-3) → Malabon · north Manila', 'LTFRB · Ayala Malabon via EDSA', 'Ayala', 'Malabon', 'Ayala · Makati CBD (MRT-3)', 'Malabon · north Manila', 29, '14:00', '15:51', '1h 51m', 101, 66, ARRAY[1, 5, 9, 15, 17, 25, 33]::int[]),
  (28, 'LTFRB_PUB1019', '725021', 'Ayala · Makati CBD (MRT-3) → Monumento · North EDSA hub', 'LTFRB · Ayala Monumento via EDSA', 'Ayala', 'Monumento', 'Ayala · Makati CBD (MRT-3)', 'Monumento · North EDSA hub', 30, '06:00', '07:32', '1h 33m', 88, 57, ARRAY[1, 2, 9, 17, 21, 25, 33]::int[]),
  (29, 'LTFRB_PUB1019', '725021', 'Ayala · Makati CBD (MRT-3) → Monumento · North EDSA hub', 'LTFRB · Ayala Monumento via EDSA', 'Ayala', 'Monumento', 'Ayala · Makati CBD (MRT-3)', 'Monumento · North EDSA hub', 31, '08:00', '09:32', '1h 33m', 88, 57, ARRAY[1, 2, 3, 9, 17, 25, 33]::int[]),
  (30, 'LTFRB_PUB1019', '725021', 'Ayala · Makati CBD (MRT-3) → Monumento · North EDSA hub', 'LTFRB · Ayala Monumento via EDSA', 'Ayala', 'Monumento', 'Ayala · Makati CBD (MRT-3)', 'Monumento · North EDSA hub', 32, '11:00', '12:32', '1h 33m', 88, 57, ARRAY[1, 2, 9, 17, 23, 25, 33]::int[]),
  (31, 'LTFRB_PUB1019', '725021', 'Ayala · Makati CBD (MRT-3) → Monumento · North EDSA hub', 'LTFRB · Ayala Monumento via EDSA', 'Ayala', 'Monumento', 'Ayala · Makati CBD (MRT-3)', 'Monumento · North EDSA hub', 33, '14:00', '15:32', '1h 33m', 88, 57, ARRAY[1, 2, 5, 9, 17, 25, 33]::int[]),
  (32, 'LTFRB_PUB1020', '725510', 'Ayala · Makati CBD (MRT-3) → Monumento · North EDSA hub', 'LTFRB · Ayala Monumento via EDSA', 'Ayala', 'Monumento', 'Ayala · Makati CBD (MRT-3)', 'Monumento · North EDSA hub', 34, '06:00', '07:33', '1h 33m', 87, 57, ARRAY[1, 2, 3, 9, 17, 25, 33]::int[]),
  (33, 'LTFRB_PUB1020', '725510', 'Ayala · Makati CBD (MRT-3) → Monumento · North EDSA hub', 'LTFRB · Ayala Monumento via EDSA', 'Ayala', 'Monumento', 'Ayala · Makati CBD (MRT-3)', 'Monumento · North EDSA hub', 35, '08:00', '09:33', '1h 33m', 87, 57, ARRAY[1, 9, 14, 17, 25, 29, 33]::int[]),
  (34, 'LTFRB_PUB1020', '725510', 'Ayala · Makati CBD (MRT-3) → Monumento · North EDSA hub', 'LTFRB · Ayala Monumento via EDSA', 'Ayala', 'Monumento', 'Ayala · Makati CBD (MRT-3)', 'Monumento · North EDSA hub', 36, '11:00', '12:33', '1h 33m', 87, 57, ARRAY[1, 2, 9, 17, 25, 28, 33]::int[]),
  (35, 'LTFRB_PUB1020', '725510', 'Ayala · Makati CBD (MRT-3) → Monumento · North EDSA hub', 'LTFRB · Ayala Monumento via EDSA', 'Ayala', 'Monumento', 'Ayala · Makati CBD (MRT-3)', 'Monumento · North EDSA hub', 37, '14:00', '15:33', '1h 33m', 87, 57, ARRAY[1, 2, 3, 9, 17, 25, 33]::int[]),
  (36, 'LTFRB_PUB1021', '725921', 'Ayala · Makati CBD (MRT-3) → NAIA · Manila Airport', 'LTFRB · Ayala NAIA', 'Ayala', 'NAIA', 'Ayala · Makati CBD (MRT-3)', 'NAIA · Manila Airport', 20, '06:00', '06:42', '42m', 50, 33, ARRAY[1, 9, 13, 17, 21, 25, 33]::int[]),
  (37, 'LTFRB_PUB1021', '725921', 'Ayala · Makati CBD (MRT-3) → NAIA · Manila Airport', 'LTFRB · Ayala NAIA', 'Ayala', 'NAIA', 'Ayala · Makati CBD (MRT-3)', 'NAIA · Manila Airport', 21, '08:00', '08:42', '42m', 50, 33, ARRAY[1, 2, 3, 9, 17, 25, 33]::int[]),
  (38, 'LTFRB_PUB1021', '725921', 'Ayala · Makati CBD (MRT-3) → NAIA · Manila Airport', 'LTFRB · Ayala NAIA', 'Ayala', 'NAIA', 'Ayala · Makati CBD (MRT-3)', 'NAIA · Manila Airport', 22, '11:00', '11:42', '42m', 50, 33, ARRAY[1, 2, 3, 9, 17, 25, 33]::int[]),
  (39, 'LTFRB_PUB1021', '725921', 'Ayala · Makati CBD (MRT-3) → NAIA · Manila Airport', 'LTFRB · Ayala NAIA', 'Ayala', 'NAIA', 'Ayala · Makati CBD (MRT-3)', 'NAIA · Manila Airport', 23, '14:00', '14:42', '42m', 50, 33, ARRAY[1, 2, 9, 17, 25, 33, 36]::int[]),
  (40, 'LTFRB_PUB1022', '724702', 'Ayala · Makati CBD (MRT-3) → NAIA · Manila Airport', 'LTFRB · Ayala NAIA', 'Ayala', 'NAIA', 'Ayala · Makati CBD (MRT-3)', 'NAIA · Manila Airport', 24, '06:00', '06:44', '45m', 53, 34, ARRAY[1, 2, 3, 9, 17, 25, 33]::int[]),
  (41, 'LTFRB_PUB1022', '724702', 'Ayala · Makati CBD (MRT-3) → NAIA · Manila Airport', 'LTFRB · Ayala NAIA', 'Ayala', 'NAIA', 'Ayala · Makati CBD (MRT-3)', 'NAIA · Manila Airport', 25, '08:00', '08:44', '45m', 53, 34, ARRAY[1, 2, 3, 9, 17, 25, 33]::int[]),
  (42, 'LTFRB_PUB1022', '724702', 'Ayala · Makati CBD (MRT-3) → NAIA · Manila Airport', 'LTFRB · Ayala NAIA', 'Ayala', 'NAIA', 'Ayala · Makati CBD (MRT-3)', 'NAIA · Manila Airport', 26, '11:00', '11:44', '45m', 53, 34, ARRAY[1, 9, 13, 17, 25, 29, 33]::int[]),
  (43, 'LTFRB_PUB1022', '724702', 'Ayala · Makati CBD (MRT-3) → NAIA · Manila Airport', 'LTFRB · Ayala NAIA', 'Ayala', 'NAIA', 'Ayala · Makati CBD (MRT-3)', 'NAIA · Manila Airport', 27, '14:00', '14:44', '45m', 53, 34, ARRAY[1, 2, 3, 9, 17, 25, 33]::int[]),
  (44, 'LTFRB_PUB1023', '725986', 'Ayala · Makati CBD (MRT-3) → Novaliches · Quezon City', 'LTFRB · Ayala Novaliches via EDSA Buendia', 'Ayala', 'Novaliches', 'Ayala · Makati CBD (MRT-3)', 'Novaliches · Quezon City', 28, '06:00', '07:56', '1h 57m', 103, 67, ARRAY[1, 2, 4, 9, 17, 25, 33]::int[]),
  (45, 'LTFRB_PUB1023', '725986', 'Ayala · Makati CBD (MRT-3) → Novaliches · Quezon City', 'LTFRB · Ayala Novaliches via EDSA Buendia', 'Ayala', 'Novaliches', 'Ayala · Makati CBD (MRT-3)', 'Novaliches · Quezon City', 29, '08:00', '09:56', '1h 57m', 103, 67, ARRAY[1, 2, 3, 9, 17, 25, 33]::int[]),
  (46, 'LTFRB_PUB1023', '725986', 'Ayala · Makati CBD (MRT-3) → Novaliches · Quezon City', 'LTFRB · Ayala Novaliches via EDSA Buendia', 'Ayala', 'Novaliches', 'Ayala · Makati CBD (MRT-3)', 'Novaliches · Quezon City', 30, '11:00', '12:56', '1h 57m', 103, 67, ARRAY[1, 2, 3, 9, 17, 25, 33]::int[]),
  (47, 'LTFRB_PUB1023', '725986', 'Ayala · Makati CBD (MRT-3) → Novaliches · Quezon City', 'LTFRB · Ayala Novaliches via EDSA Buendia', 'Ayala', 'Novaliches', 'Ayala · Makati CBD (MRT-3)', 'Novaliches · Quezon City', 31, '14:00', '15:56', '1h 57m', 103, 67, ARRAY[1, 2, 9, 17, 19, 25, 33]::int[]),
  (48, 'LTFRB_PUB1025', '725121', 'Ayala · Makati CBD (MRT-3) → Quiapo · Old Manila & markets', 'LTFRB · Ayala Quiapo via Kamagong Taft', 'Ayala', 'Quiapo', 'Ayala · Makati CBD (MRT-3)', 'Quiapo · Old Manila & markets', 32, '06:00', '06:39', '39m', 51, 33, ARRAY[1, 2, 9, 17, 25, 33, 40]::int[]),
  (49, 'LTFRB_PUB1025', '725121', 'Ayala · Makati CBD (MRT-3) → Quiapo · Old Manila & markets', 'LTFRB · Ayala Quiapo via Kamagong Taft', 'Ayala', 'Quiapo', 'Ayala · Makati CBD (MRT-3)', 'Quiapo · Old Manila & markets', 33, '08:00', '08:39', '39m', 51, 33, ARRAY[1, 2, 3, 9, 17, 25, 33]::int[]),
  (50, 'LTFRB_PUB1025', '725121', 'Ayala · Makati CBD (MRT-3) → Quiapo · Old Manila & markets', 'LTFRB · Ayala Quiapo via Kamagong Taft', 'Ayala', 'Quiapo', 'Ayala · Makati CBD (MRT-3)', 'Quiapo · Old Manila & markets', 34, '11:00', '11:39', '39m', 51, 33, ARRAY[1, 2, 9, 17, 21, 25, 33]::int[]),
  (51, 'LTFRB_PUB1025', '725121', 'Ayala · Makati CBD (MRT-3) → Quiapo · Old Manila & markets', 'LTFRB · Ayala Quiapo via Kamagong Taft', 'Ayala', 'Quiapo', 'Ayala · Makati CBD (MRT-3)', 'Quiapo · Old Manila & markets', 35, '14:00', '14:39', '39m', 51, 33, ARRAY[1, 2, 3, 9, 17, 25, 33]::int[]),
  (52, 'LTFRB_PUB1026', '725314', 'Ayala · Makati CBD (MRT-3) → Quiapo · Old Manila & markets', 'LTFRB · Ayala Quiapo via Kamagong Taft', 'Ayala', 'Quiapo', 'Ayala · Makati CBD (MRT-3)', 'Quiapo · Old Manila & markets', 36, '06:00', '06:43', '44m', 52, 34, ARRAY[1, 2, 3, 9, 17, 25, 33]::int[]),
  (53, 'LTFRB_PUB1026', '725314', 'Ayala · Makati CBD (MRT-3) → Quiapo · Old Manila & markets', 'LTFRB · Ayala Quiapo via Kamagong Taft', 'Ayala', 'Quiapo', 'Ayala · Makati CBD (MRT-3)', 'Quiapo · Old Manila & markets', 37, '08:00', '08:43', '44m', 52, 34, ARRAY[1, 5, 9, 17, 25, 29, 33]::int[]),
  (54, 'LTFRB_PUB1026', '725314', 'Ayala · Makati CBD (MRT-3) → Quiapo · Old Manila & markets', 'LTFRB · Ayala Quiapo via Kamagong Taft', 'Ayala', 'Quiapo', 'Ayala · Makati CBD (MRT-3)', 'Quiapo · Old Manila & markets', 20, '11:00', '11:43', '44m', 52, 34, ARRAY[1, 2, 3, 9, 17, 25, 33]::int[]),
  (55, 'LTFRB_PUB1026', '725314', 'Ayala · Makati CBD (MRT-3) → Quiapo · Old Manila & markets', 'LTFRB · Ayala Quiapo via Kamagong Taft', 'Ayala', 'Quiapo', 'Ayala · Makati CBD (MRT-3)', 'Quiapo · Old Manila & markets', 21, '14:00', '14:43', '44m', 52, 34, ARRAY[1, 2, 3, 9, 17, 25, 33]::int[]),
  (56, 'LTFRB_PUB1033', '725131', 'Baclaran · LRT-1 & Roxas Blvd → Monumento · North EDSA hub', 'LTFRB · Baclaran Monumento via EDSA', 'Baclaran', 'Monumento', 'Baclaran · LRT-1 & Roxas Blvd', 'Monumento · North EDSA hub', 22, '06:00', '07:57', '1h 58m', 101, 66, ARRAY[1, 2, 6, 9, 17, 25, 33]::int[]),
  (57, 'LTFRB_PUB1033', '725131', 'Baclaran · LRT-1 & Roxas Blvd → Monumento · North EDSA hub', 'LTFRB · Baclaran Monumento via EDSA', 'Baclaran', 'Monumento', 'Baclaran · LRT-1 & Roxas Blvd', 'Monumento · North EDSA hub', 23, '08:00', '09:57', '1h 58m', 101, 66, ARRAY[1, 2, 9, 17, 21, 25, 33]::int[]),
  (58, 'LTFRB_PUB1033', '725131', 'Baclaran · LRT-1 & Roxas Blvd → Monumento · North EDSA hub', 'LTFRB · Baclaran Monumento via EDSA', 'Baclaran', 'Monumento', 'Baclaran · LRT-1 & Roxas Blvd', 'Monumento · North EDSA hub', 24, '11:00', '12:57', '1h 58m', 101, 66, ARRAY[1, 2, 9, 17, 25, 33, 37]::int[]),
  (59, 'LTFRB_PUB1033', '725131', 'Baclaran · LRT-1 & Roxas Blvd → Monumento · North EDSA hub', 'LTFRB · Baclaran Monumento via EDSA', 'Baclaran', 'Monumento', 'Baclaran · LRT-1 & Roxas Blvd', 'Monumento · North EDSA hub', 25, '14:00', '15:57', '1h 58m', 101, 66, ARRAY[1, 2, 9, 13, 17, 25, 33]::int[]),
  (60, 'LTFRB_PUB1034', '726334', 'Baclaran · LRT-1 & Roxas Blvd → Monumento · North EDSA hub', 'LTFRB · Baclaran Monumento via EDSA', 'Baclaran', 'Monumento', 'Baclaran · LRT-1 & Roxas Blvd', 'Monumento · North EDSA hub', 26, '06:00', '08:09', '2h 9m', 108, 70, ARRAY[1, 2, 3, 9, 17, 25, 33]::int[]),
  (61, 'LTFRB_PUB1034', '726334', 'Baclaran · LRT-1 & Roxas Blvd → Monumento · North EDSA hub', 'LTFRB · Baclaran Monumento via EDSA', 'Baclaran', 'Monumento', 'Baclaran · LRT-1 & Roxas Blvd', 'Monumento · North EDSA hub', 27, '08:00', '10:09', '2h 9m', 108, 70, ARRAY[1, 2, 3, 9, 17, 25, 33]::int[]),
  (62, 'LTFRB_PUB1034', '726334', 'Baclaran · LRT-1 & Roxas Blvd → Monumento · North EDSA hub', 'LTFRB · Baclaran Monumento via EDSA', 'Baclaran', 'Monumento', 'Baclaran · LRT-1 & Roxas Blvd', 'Monumento · North EDSA hub', 28, '11:00', '13:09', '2h 9m', 108, 70, ARRAY[1, 2, 3, 9, 17, 25, 33]::int[]),
  (63, 'LTFRB_PUB1034', '726334', 'Baclaran · LRT-1 & Roxas Blvd → Monumento · North EDSA hub', 'LTFRB · Baclaran Monumento via EDSA', 'Baclaran', 'Monumento', 'Baclaran · LRT-1 & Roxas Blvd', 'Monumento · North EDSA hub', 29, '14:00', '16:09', '2h 9m', 108, 70, ARRAY[1, 2, 3, 9, 17, 25, 33]::int[]),
  (64, 'LTFRB_PUB1037', '725519', 'Baclaran · LRT-1 & Roxas Blvd → Novaliches · Quezon City', 'LTFRB · Baclaran Novaliches via EDSA Quirino', 'Baclaran', 'Novaliches', 'Baclaran · LRT-1 & Roxas Blvd', 'Novaliches · Quezon City', 30, '06:00', '08:30', '2h 31m', 119, 77, ARRAY[1, 2, 3, 9, 17, 25, 33]::int[]),
  (65, 'LTFRB_PUB1037', '725519', 'Baclaran · LRT-1 & Roxas Blvd → Novaliches · Quezon City', 'LTFRB · Baclaran Novaliches via EDSA Quirino', 'Baclaran', 'Novaliches', 'Baclaran · LRT-1 & Roxas Blvd', 'Novaliches · Quezon City', 31, '08:00', '10:30', '2h 31m', 119, 77, ARRAY[1, 2, 9, 17, 22, 25, 33]::int[]),
  (66, 'LTFRB_PUB1037', '725519', 'Baclaran · LRT-1 & Roxas Blvd → Novaliches · Quezon City', 'LTFRB · Baclaran Novaliches via EDSA Quirino', 'Baclaran', 'Novaliches', 'Baclaran · LRT-1 & Roxas Blvd', 'Novaliches · Quezon City', 32, '11:00', '13:30', '2h 31m', 119, 77, ARRAY[1, 2, 3, 9, 17, 25, 33]::int[]),
  (67, 'LTFRB_PUB1037', '725519', 'Baclaran · LRT-1 & Roxas Blvd → Novaliches · Quezon City', 'LTFRB · Baclaran Novaliches via EDSA Quirino', 'Baclaran', 'Novaliches', 'Baclaran · LRT-1 & Roxas Blvd', 'Novaliches · Quezon City', 33, '14:00', '16:30', '2h 31m', 119, 77, ARRAY[1, 9, 10, 17, 18, 25, 33]::int[]),
  (68, 'LTFRB_PUB1041', '725236', 'Baclaran · LRT-1 & Roxas Blvd → SM Fairview · Quezon City', 'LTFRB · Baclaran SM Fairview via Lagro', 'Baclaran', 'SM Fairview', 'Baclaran · LRT-1 & Roxas Blvd', 'SM Fairview · Quezon City', 34, '06:00', '08:51', '2h 51m', 134, 87, ARRAY[1, 2, 5, 9, 17, 25, 33]::int[]),
  (69, 'LTFRB_PUB1041', '725236', 'Baclaran · LRT-1 & Roxas Blvd → SM Fairview · Quezon City', 'LTFRB · Baclaran SM Fairview via Lagro', 'Baclaran', 'SM Fairview', 'Baclaran · LRT-1 & Roxas Blvd', 'SM Fairview · Quezon City', 35, '08:00', '10:51', '2h 51m', 134, 87, ARRAY[1, 2, 5, 9, 17, 25, 33]::int[]),
  (70, 'LTFRB_PUB1041', '725236', 'Baclaran · LRT-1 & Roxas Blvd → SM Fairview · Quezon City', 'LTFRB · Baclaran SM Fairview via Lagro', 'Baclaran', 'SM Fairview', 'Baclaran · LRT-1 & Roxas Blvd', 'SM Fairview · Quezon City', 36, '11:00', '13:51', '2h 51m', 134, 87, ARRAY[1, 2, 3, 9, 17, 25, 33]::int[]),
  (71, 'LTFRB_PUB1041', '725236', 'Baclaran · LRT-1 & Roxas Blvd → SM Fairview · Quezon City', 'LTFRB · Baclaran SM Fairview via Lagro', 'Baclaran', 'SM Fairview', 'Baclaran · LRT-1 & Roxas Blvd', 'SM Fairview · Quezon City', 37, '14:00', '16:51', '2h 51m', 134, 87, ARRAY[1, 2, 3, 9, 17, 25, 33]::int[]),
  (72, 'LTFRB_PUB1043', '725784', 'NAIA · Domestic Terminal → Grotto · San Jose del Monte', 'LTFRB · Domestic Grotto via EDSA', 'Domestic', 'Grotto', 'NAIA · Domestic Terminal', 'Grotto · San Jose del Monte', 20, '06:00', '09:33', '3h 33m', 164, 107, ARRAY[1, 2, 3, 9, 17, 25, 33]::int[]),
  (73, 'LTFRB_PUB1043', '725784', 'NAIA · Domestic Terminal → Grotto · San Jose del Monte', 'LTFRB · Domestic Grotto via EDSA', 'Domestic', 'Grotto', 'NAIA · Domestic Terminal', 'Grotto · San Jose del Monte', 21, '08:00', '11:33', '3h 33m', 164, 107, ARRAY[1, 2, 3, 9, 17, 25, 33]::int[]),
  (74, 'LTFRB_PUB1043', '725784', 'NAIA · Domestic Terminal → Grotto · San Jose del Monte', 'LTFRB · Domestic Grotto via EDSA', 'Domestic', 'Grotto', 'NAIA · Domestic Terminal', 'Grotto · San Jose del Monte', 22, '11:00', '14:33', '3h 33m', 164, 107, ARRAY[1, 9, 17, 25, 29, 33, 35]::int[]),
  (75, 'LTFRB_PUB1043', '725784', 'NAIA · Domestic Terminal → Grotto · San Jose del Monte', 'LTFRB · Domestic Grotto via EDSA', 'Domestic', 'Grotto', 'NAIA · Domestic Terminal', 'Grotto · San Jose del Monte', 23, '14:00', '17:33', '3h 33m', 164, 107, ARRAY[1, 2, 3, 9, 17, 25, 33]::int[]),
  (76, 'LTFRB_PUB1044', '726403', 'NAIA · Domestic Terminal → Grotto · San Jose del Monte', 'LTFRB · Domestic Grotto via EDSA', 'Domestic', 'Grotto', 'NAIA · Domestic Terminal', 'Grotto · San Jose del Monte', 24, '06:00', '09:44', '3h 45m', 163, 106, ARRAY[1, 5, 9, 17, 25, 31, 33]::int[]),
  (77, 'LTFRB_PUB1044', '726403', 'NAIA · Domestic Terminal → Grotto · San Jose del Monte', 'LTFRB · Domestic Grotto via EDSA', 'Domestic', 'Grotto', 'NAIA · Domestic Terminal', 'Grotto · San Jose del Monte', 25, '08:00', '11:44', '3h 45m', 163, 106, ARRAY[1, 2, 9, 17, 18, 25, 33]::int[]),
  (78, 'LTFRB_PUB1044', '726403', 'NAIA · Domestic Terminal → Grotto · San Jose del Monte', 'LTFRB · Domestic Grotto via EDSA', 'Domestic', 'Grotto', 'NAIA · Domestic Terminal', 'Grotto · San Jose del Monte', 26, '11:00', '14:44', '3h 45m', 163, 106, ARRAY[1, 2, 9, 17, 25, 27, 33]::int[]),
  (79, 'LTFRB_PUB1044', '726403', 'NAIA · Domestic Terminal → Grotto · San Jose del Monte', 'LTFRB · Domestic Grotto via EDSA', 'Domestic', 'Grotto', 'NAIA · Domestic Terminal', 'Grotto · San Jose del Monte', 27, '14:00', '17:44', '3h 45m', 163, 106, ARRAY[1, 9, 13, 16, 17, 25, 33]::int[]),
  (80, 'LTFRB_PUB1053', '725802', 'Pandacan · Manila south → Quiapo · Old Manila & markets', 'LTFRB · Pandacan Quiapo', 'Pandacan', 'Quiapo', 'Pandacan · Manila south', 'Quiapo · Old Manila & markets', 28, '06:00', '06:23', '24m', 44, 29, ARRAY[1, 2, 3, 9, 17, 25, 33]::int[]),
  (81, 'LTFRB_PUB1053', '725802', 'Pandacan · Manila south → Quiapo · Old Manila & markets', 'LTFRB · Pandacan Quiapo', 'Pandacan', 'Quiapo', 'Pandacan · Manila south', 'Quiapo · Old Manila & markets', 29, '08:00', '08:23', '24m', 44, 29, ARRAY[1, 2, 3, 9, 17, 25, 33]::int[]),
  (82, 'LTFRB_PUB1053', '725802', 'Pandacan · Manila south → Quiapo · Old Manila & markets', 'LTFRB · Pandacan Quiapo', 'Pandacan', 'Quiapo', 'Pandacan · Manila south', 'Quiapo · Old Manila & markets', 30, '11:00', '11:23', '24m', 44, 29, ARRAY[1, 2, 3, 9, 17, 25, 33]::int[]),
  (83, 'LTFRB_PUB1053', '725802', 'Pandacan · Manila south → Quiapo · Old Manila & markets', 'LTFRB · Pandacan Quiapo', 'Pandacan', 'Quiapo', 'Pandacan · Manila south', 'Quiapo · Old Manila & markets', 31, '14:00', '14:23', '24m', 44, 29, ARRAY[1, 2, 9, 17, 25, 33, 39]::int[]),
  (84, 'LTFRB_PUB1057', '725048', 'SM Fairview · Quezon City → Pasay · to SM Fairview', 'LTFRB · SM Fairview Ayala Leveriza via EDSA', 'SM', 'Fairview Ayala Leveriza', 'SM Fairview · Quezon City', 'Pasay · to SM Fairview', 32, '06:00', '08:30', '2h 30m', 123, 80, ARRAY[1, 2, 3, 9, 17, 25, 33]::int[]),
  (85, 'LTFRB_PUB1057', '725048', 'SM Fairview · Quezon City → Pasay · to SM Fairview', 'LTFRB · SM Fairview Ayala Leveriza via EDSA', 'SM', 'Fairview Ayala Leveriza', 'SM Fairview · Quezon City', 'Pasay · to SM Fairview', 33, '08:00', '10:30', '2h 30m', 123, 80, ARRAY[1, 2, 9, 17, 21, 25, 33]::int[]),
  (86, 'LTFRB_PUB1057', '725048', 'SM Fairview · Quezon City → Pasay · to SM Fairview', 'LTFRB · SM Fairview Ayala Leveriza via EDSA', 'SM', 'Fairview Ayala Leveriza', 'SM Fairview · Quezon City', 'Pasay · to SM Fairview', 34, '11:00', '13:30', '2h 30m', 123, 80, ARRAY[1, 3, 9, 17, 25, 33, 37]::int[]),
  (87, 'LTFRB_PUB1057', '725048', 'SM Fairview · Quezon City → Pasay · to SM Fairview', 'LTFRB · SM Fairview Ayala Leveriza via EDSA', 'SM', 'Fairview Ayala Leveriza', 'SM Fairview · Quezon City', 'Pasay · to SM Fairview', 35, '14:00', '16:30', '2h 30m', 123, 80, ARRAY[1, 2, 3, 9, 17, 25, 33]::int[]),
  (88, 'LTFRB_PUB1058', '725569', 'SM Fairview · Quezon City → Pasay · to SM Fairview', 'LTFRB · SM Fairview Ayala Leveriza via EDSA', 'SM', 'Fairview Ayala Leveriza', 'SM Fairview · Quezon City', 'Pasay · to SM Fairview', 36, '06:00', '08:36', '2h 37m', 116, 75, ARRAY[1, 5, 9, 17, 25, 27, 33]::int[]),
  (89, 'LTFRB_PUB1058', '725569', 'SM Fairview · Quezon City → Pasay · to SM Fairview', 'LTFRB · SM Fairview Ayala Leveriza via EDSA', 'SM', 'Fairview Ayala Leveriza', 'SM Fairview · Quezon City', 'Pasay · to SM Fairview', 37, '08:00', '10:36', '2h 37m', 116, 75, ARRAY[1, 9, 13, 17, 22, 25, 33]::int[]),
  (90, 'LTFRB_PUB1058', '725569', 'SM Fairview · Quezon City → Pasay · to SM Fairview', 'LTFRB · SM Fairview Ayala Leveriza via EDSA', 'SM', 'Fairview Ayala Leveriza', 'SM Fairview · Quezon City', 'Pasay · to SM Fairview', 20, '11:00', '13:36', '2h 37m', 116, 75, ARRAY[1, 2, 3, 9, 17, 25, 33]::int[]),
  (91, 'LTFRB_PUB1058', '725569', 'SM Fairview · Quezon City → Pasay · to SM Fairview', 'LTFRB · SM Fairview Ayala Leveriza via EDSA', 'SM', 'Fairview Ayala Leveriza', 'SM Fairview · Quezon City', 'Pasay · to SM Fairview', 21, '14:00', '16:36', '2h 37m', 116, 75, ARRAY[1, 2, 3, 9, 17, 25, 33]::int[]),
  (92, 'LTFRB_PUB1059', '725102', 'Taguig · BGC / McKinley area → Navotas · Manila Bay north', 'LTFRB · Taguig City Navotas', 'Taguig', 'City Navotas', 'Taguig · BGC / McKinley area', 'Navotas · Manila Bay north', 22, '06:00', '08:33', '2h 34m', 124, 81, ARRAY[1, 2, 3, 9, 17, 25, 33]::int[]),
  (93, 'LTFRB_PUB1059', '725102', 'Taguig · BGC / McKinley area → Navotas · Manila Bay north', 'LTFRB · Taguig City Navotas', 'Taguig', 'City Navotas', 'Taguig · BGC / McKinley area', 'Navotas · Manila Bay north', 23, '08:00', '10:33', '2h 34m', 124, 81, ARRAY[1, 2, 3, 9, 17, 25, 33]::int[]),
  (94, 'LTFRB_PUB1059', '725102', 'Taguig · BGC / McKinley area → Navotas · Manila Bay north', 'LTFRB · Taguig City Navotas', 'Taguig', 'City Navotas', 'Taguig · BGC / McKinley area', 'Navotas · Manila Bay north', 24, '11:00', '13:33', '2h 34m', 124, 81, ARRAY[1, 2, 3, 9, 17, 25, 33]::int[]),
  (95, 'LTFRB_PUB1059', '725102', 'Taguig · BGC / McKinley area → Navotas · Manila Bay north', 'LTFRB · Taguig City Navotas', 'Taguig', 'City Navotas', 'Taguig · BGC / McKinley area', 'Navotas · Manila Bay north', 25, '14:00', '16:33', '2h 34m', 124, 81, ARRAY[1, 2, 3, 9, 17, 25, 33]::int[]),
  (96, 'LTFRB_PUB1060', '725083', 'Taguig · BGC / McKinley area → Navotas · Manila Bay north', 'LTFRB · Taguig City Navotas', 'Taguig', 'City Navotas', 'Taguig · BGC / McKinley area', 'Navotas · Manila Bay north', 26, '06:00', '08:34', '2h 34m', 120, 78, ARRAY[1, 2, 3, 9, 17, 25, 33]::int[]),
  (97, 'LTFRB_PUB1060', '725083', 'Taguig · BGC / McKinley area → Navotas · Manila Bay north', 'LTFRB · Taguig City Navotas', 'Taguig', 'City Navotas', 'Taguig · BGC / McKinley area', 'Navotas · Manila Bay north', 27, '08:00', '10:34', '2h 34m', 120, 78, ARRAY[1, 2, 5, 9, 17, 25, 33]::int[]),
  (98, 'LTFRB_PUB1060', '725083', 'Taguig · BGC / McKinley area → Navotas · Manila Bay north', 'LTFRB · Taguig City Navotas', 'Taguig', 'City Navotas', 'Taguig · BGC / McKinley area', 'Navotas · Manila Bay north', 28, '11:00', '13:34', '2h 34m', 120, 78, ARRAY[1, 2, 9, 17, 21, 25, 33]::int[]),
  (99, 'LTFRB_PUB1060', '725083', 'Taguig · BGC / McKinley area → Navotas · Manila Bay north', 'LTFRB · Taguig City Navotas', 'Taguig', 'City Navotas', 'Taguig · BGC / McKinley area', 'Navotas · Manila Bay north', 29, '14:00', '16:34', '2h 34m', 120, 78, ARRAY[1, 2, 3, 9, 17, 25, 33]::int[]),
  (100, 'LTFRB_PUB1065', '725548', 'Ayala · Makati CBD (MRT-3) → Balintawak · Quezon City (LRT-1)', 'LTFRB · Ayala Balintawak', 'Ayala', 'Balintawak', 'Ayala · Makati CBD (MRT-3)', 'Balintawak · Quezon City (LRT-1)', 30, '06:00', '07:22', '1h 23m', 83, 54, ARRAY[1, 2, 3, 9, 17, 25, 33]::int[]),
  (101, 'LTFRB_PUB1065', '725548', 'Ayala · Makati CBD (MRT-3) → Balintawak · Quezon City (LRT-1)', 'LTFRB · Ayala Balintawak', 'Ayala', 'Balintawak', 'Ayala · Makati CBD (MRT-3)', 'Balintawak · Quezon City (LRT-1)', 31, '08:00', '09:22', '1h 23m', 83, 54, ARRAY[1, 2, 3, 9, 17, 25, 33]::int[]),
  (102, 'LTFRB_PUB1065', '725548', 'Ayala · Makati CBD (MRT-3) → Balintawak · Quezon City (LRT-1)', 'LTFRB · Ayala Balintawak', 'Ayala', 'Balintawak', 'Ayala · Makati CBD (MRT-3)', 'Balintawak · Quezon City (LRT-1)', 32, '11:00', '12:22', '1h 23m', 83, 54, ARRAY[1, 2, 9, 17, 25, 33, 36]::int[]),
  (103, 'LTFRB_PUB1065', '725548', 'Ayala · Makati CBD (MRT-3) → Balintawak · Quezon City (LRT-1)', 'LTFRB · Ayala Balintawak', 'Ayala', 'Balintawak', 'Ayala · Makati CBD (MRT-3)', 'Balintawak · Quezon City (LRT-1)', 33, '14:00', '15:22', '1h 23m', 83, 54, ARRAY[1, 9, 10, 17, 25, 33, 36]::int[]),
  (104, 'LTFRB_PUB1066', '726041', 'Ayala · Makati CBD (MRT-3) → Balintawak · Quezon City (LRT-1)', 'LTFRB · Ayala Balintawak', 'Ayala', 'Balintawak', 'Ayala · Makati CBD (MRT-3)', 'Balintawak · Quezon City (LRT-1)', 34, '06:00', '07:23', '1h 23m', 82, 53, ARRAY[1, 2, 9, 11, 17, 25, 33]::int[]),
  (105, 'LTFRB_PUB1066', '726041', 'Ayala · Makati CBD (MRT-3) → Balintawak · Quezon City (LRT-1)', 'LTFRB · Ayala Balintawak', 'Ayala', 'Balintawak', 'Ayala · Makati CBD (MRT-3)', 'Balintawak · Quezon City (LRT-1)', 35, '08:00', '09:23', '1h 23m', 82, 53, ARRAY[1, 2, 9, 17, 25, 29, 33]::int[]),
  (106, 'LTFRB_PUB1066', '726041', 'Ayala · Makati CBD (MRT-3) → Balintawak · Quezon City (LRT-1)', 'LTFRB · Ayala Balintawak', 'Ayala', 'Balintawak', 'Ayala · Makati CBD (MRT-3)', 'Balintawak · Quezon City (LRT-1)', 36, '11:00', '12:23', '1h 23m', 82, 53, ARRAY[1, 2, 3, 9, 17, 25, 33]::int[]),
  (107, 'LTFRB_PUB1066', '726041', 'Ayala · Makati CBD (MRT-3) → Balintawak · Quezon City (LRT-1)', 'LTFRB · Ayala Balintawak', 'Ayala', 'Balintawak', 'Ayala · Makati CBD (MRT-3)', 'Balintawak · Quezon City (LRT-1)', 37, '14:00', '15:23', '1h 23m', 82, 53, ARRAY[1, 2, 9, 17, 25, 33, 37]::int[]),
  (108, 'LTFRB_PUB1067', '724610', 'Ayala · Makati CBD (MRT-3) → Fairview · Quezon City north', 'LTFRB · Ayala Fairview via EDSA', 'Ayala', 'Fairview', 'Ayala · Makati CBD (MRT-3)', 'Fairview · Quezon City north', 20, '06:00', '08:08', '2h 8m', 111, 72, ARRAY[1, 9, 17, 25, 29, 33, 37]::int[]),
  (109, 'LTFRB_PUB1067', '724610', 'Ayala · Makati CBD (MRT-3) → Fairview · Quezon City north', 'LTFRB · Ayala Fairview via EDSA', 'Ayala', 'Fairview', 'Ayala · Makati CBD (MRT-3)', 'Fairview · Quezon City north', 21, '08:00', '10:08', '2h 8m', 111, 72, ARRAY[1, 9, 13, 17, 18, 25, 33]::int[]),
  (110, 'LTFRB_PUB1067', '724610', 'Ayala · Makati CBD (MRT-3) → Fairview · Quezon City north', 'LTFRB · Ayala Fairview via EDSA', 'Ayala', 'Fairview', 'Ayala · Makati CBD (MRT-3)', 'Fairview · Quezon City north', 22, '11:00', '13:08', '2h 8m', 111, 72, ARRAY[1, 2, 3, 9, 17, 25, 33]::int[]),
  (111, 'LTFRB_PUB1067', '724610', 'Ayala · Makati CBD (MRT-3) → Fairview · Quezon City north', 'LTFRB · Ayala Fairview via EDSA', 'Ayala', 'Fairview', 'Ayala · Makati CBD (MRT-3)', 'Fairview · Quezon City north', 23, '14:00', '16:08', '2h 8m', 111, 72, ARRAY[1, 2, 3, 9, 17, 25, 33]::int[]),
  (112, 'LTFRB_PUB1068', '725062', 'Ayala · Makati CBD (MRT-3) → Fairview · Quezon City north', 'LTFRB · Ayala Fairview via EDSA', 'Ayala', 'Fairview', 'Ayala · Makati CBD (MRT-3)', 'Fairview · Quezon City north', 24, '06:00', '08:17', '2h 18m', 107, 70, ARRAY[1, 2, 9, 13, 17, 25, 33]::int[]),
  (113, 'LTFRB_PUB1068', '725062', 'Ayala · Makati CBD (MRT-3) → Fairview · Quezon City north', 'LTFRB · Ayala Fairview via EDSA', 'Ayala', 'Fairview', 'Ayala · Makati CBD (MRT-3)', 'Fairview · Quezon City north', 25, '08:00', '10:17', '2h 18m', 107, 70, ARRAY[1, 2, 3, 9, 17, 25, 33]::int[]),
  (114, 'LTFRB_PUB1068', '725062', 'Ayala · Makati CBD (MRT-3) → Fairview · Quezon City north', 'LTFRB · Ayala Fairview via EDSA', 'Ayala', 'Fairview', 'Ayala · Makati CBD (MRT-3)', 'Fairview · Quezon City north', 26, '11:00', '13:17', '2h 18m', 107, 70, ARRAY[1, 2, 9, 17, 20, 25, 33]::int[]),
  (115, 'LTFRB_PUB1068', '725062', 'Ayala · Makati CBD (MRT-3) → Fairview · Quezon City north', 'LTFRB · Ayala Fairview via EDSA', 'Ayala', 'Fairview', 'Ayala · Makati CBD (MRT-3)', 'Fairview · Quezon City north', 27, '14:00', '16:17', '2h 18m', 107, 70, ARRAY[1, 2, 3, 9, 17, 25, 33]::int[]),
  (116, 'LTFRB_PUB1077', '726348', 'Taguig · FTI to Monumento → Taguig · FTI to Monumento', 'LTFRB · FTI-Monumento via EDSA', 'FTI-Monumento', 'FTI-Monumento', 'Taguig · FTI to Monumento', 'Taguig · FTI to Monumento', 28, '06:00', '08:03', '2h 4m', 105, 68, ARRAY[1, 2, 9, 17, 21, 25, 33]::int[]),
  (117, 'LTFRB_PUB1077', '726348', 'Taguig · FTI to Monumento → Taguig · FTI to Monumento', 'LTFRB · FTI-Monumento via EDSA', 'FTI-Monumento', 'FTI-Monumento', 'Taguig · FTI to Monumento', 'Taguig · FTI to Monumento', 29, '08:00', '10:03', '2h 4m', 105, 68, ARRAY[1, 2, 9, 17, 25, 31, 33]::int[]),
  (118, 'LTFRB_PUB1077', '726348', 'Taguig · FTI to Monumento → Taguig · FTI to Monumento', 'LTFRB · FTI-Monumento via EDSA', 'FTI-Monumento', 'FTI-Monumento', 'Taguig · FTI to Monumento', 'Taguig · FTI to Monumento', 30, '11:00', '13:03', '2h 4m', 105, 68, ARRAY[1, 2, 9, 13, 17, 25, 33]::int[]),
  (119, 'LTFRB_PUB1077', '726348', 'Taguig · FTI to Monumento → Taguig · FTI to Monumento', 'LTFRB · FTI-Monumento via EDSA', 'FTI-Monumento', 'FTI-Monumento', 'Taguig · FTI to Monumento', 'Taguig · FTI to Monumento', 31, '14:00', '16:03', '2h 4m', 105, 68, ARRAY[1, 2, 9, 17, 25, 33, 39]::int[]),
  (120, 'LTFRB_PUB1078', '725878', 'Taguig · FTI to Monumento → Taguig · FTI to Monumento', 'LTFRB · FTI-Monumento via EDSA', 'FTI-Monumento', 'FTI-Monumento', 'Taguig · FTI to Monumento', 'Taguig · FTI to Monumento', 32, '06:00', '08:04', '2h 5m', 102, 66, ARRAY[1, 9, 17, 19, 25, 33, 37]::int[]),
  (121, 'LTFRB_PUB1078', '725878', 'Taguig · FTI to Monumento → Taguig · FTI to Monumento', 'LTFRB · FTI-Monumento via EDSA', 'FTI-Monumento', 'FTI-Monumento', 'Taguig · FTI to Monumento', 'Taguig · FTI to Monumento', 33, '08:00', '10:04', '2h 5m', 102, 66, ARRAY[1, 2, 9, 13, 17, 25, 33]::int[]),
  (122, 'LTFRB_PUB1078', '725878', 'Taguig · FTI to Monumento → Taguig · FTI to Monumento', 'LTFRB · FTI-Monumento via EDSA', 'FTI-Monumento', 'FTI-Monumento', 'Taguig · FTI to Monumento', 'Taguig · FTI to Monumento', 34, '11:00', '13:04', '2h 5m', 102, 66, ARRAY[1, 2, 9, 17, 21, 25, 33]::int[]),
  (123, 'LTFRB_PUB1078', '725878', 'Taguig · FTI to Monumento → Taguig · FTI to Monumento', 'LTFRB · FTI-Monumento via EDSA', 'FTI-Monumento', 'FTI-Monumento', 'Taguig · FTI to Monumento', 'Taguig · FTI to Monumento', 35, '14:00', '16:04', '2h 5m', 102, 66, ARRAY[1, 2, 9, 17, 25, 26, 33]::int[]),
  (124, 'LTFRB_PUB1084', '724889', 'Monumento · North EDSA hub → NAIA · Manila Airport', 'LTFRB · Monumento NAIA via EDSA Coastal Rd', 'Monumento', 'NAIA', 'Monumento · North EDSA hub', 'NAIA · Manila Airport', 36, '06:00', '08:13', '2h 14m', 110, 72, ARRAY[1, 2, 9, 17, 25, 29, 33]::int[]),
  (125, 'LTFRB_PUB1084', '724889', 'Monumento · North EDSA hub → NAIA · Manila Airport', 'LTFRB · Monumento NAIA via EDSA Coastal Rd', 'Monumento', 'NAIA', 'Monumento · North EDSA hub', 'NAIA · Manila Airport', 37, '08:00', '10:13', '2h 14m', 110, 72, ARRAY[1, 2, 8, 9, 17, 25, 33]::int[]),
  (126, 'LTFRB_PUB1084', '724889', 'Monumento · North EDSA hub → NAIA · Manila Airport', 'LTFRB · Monumento NAIA via EDSA Coastal Rd', 'Monumento', 'NAIA', 'Monumento · North EDSA hub', 'NAIA · Manila Airport', 20, '11:00', '13:13', '2h 14m', 110, 72, ARRAY[1, 2, 3, 9, 17, 25, 33]::int[]),
  (127, 'LTFRB_PUB1084', '724889', 'Monumento · North EDSA hub → NAIA · Manila Airport', 'LTFRB · Monumento NAIA via EDSA Coastal Rd', 'Monumento', 'NAIA', 'Monumento · North EDSA hub', 'NAIA · Manila Airport', 21, '14:00', '16:13', '2h 14m', 110, 72, ARRAY[1, 2, 3, 9, 17, 25, 33]::int[]),
  (128, 'LTFRB_PUB1085', '724680', 'Monumento · North EDSA hub → NAIA · Manila Airport', 'LTFRB · Monumento NAIA via EDSA Coastal Rd', 'Monumento', 'NAIA', 'Monumento · North EDSA hub', 'NAIA · Manila Airport', 22, '06:00', '08:18', '2h 18m', 113, 73, ARRAY[1, 9, 11, 17, 25, 29, 33]::int[]),
  (129, 'LTFRB_PUB1085', '724680', 'Monumento · North EDSA hub → NAIA · Manila Airport', 'LTFRB · Monumento NAIA via EDSA Coastal Rd', 'Monumento', 'NAIA', 'Monumento · North EDSA hub', 'NAIA · Manila Airport', 23, '08:00', '10:18', '2h 18m', 113, 73, ARRAY[1, 2, 3, 9, 17, 25, 33]::int[]),
  (130, 'LTFRB_PUB1085', '724680', 'Monumento · North EDSA hub → NAIA · Manila Airport', 'LTFRB · Monumento NAIA via EDSA Coastal Rd', 'Monumento', 'NAIA', 'Monumento · North EDSA hub', 'NAIA · Manila Airport', 24, '11:00', '13:18', '2h 18m', 113, 73, ARRAY[1, 2, 3, 9, 17, 25, 33]::int[]),
  (131, 'LTFRB_PUB1085', '724680', 'Monumento · North EDSA hub → NAIA · Manila Airport', 'LTFRB · Monumento NAIA via EDSA Coastal Rd', 'Monumento', 'NAIA', 'Monumento · North EDSA hub', 'NAIA · Manila Airport', 25, '14:00', '16:18', '2h 18m', 113, 73, ARRAY[1, 2, 3, 9, 17, 25, 33]::int[]),
  (132, 'LTFRB_PUB1090', '725262', 'NAIA · Manila Airport → SM Fairview · Quezon City', 'LTFRB · NAIA SM Fairview', 'NAIA', 'SM Fairview', 'NAIA · Manila Airport', 'SM Fairview · Quezon City', 26, '06:00', '08:52', '2h 52m', 134, 87, ARRAY[1, 2, 3, 9, 17, 25, 33]::int[]),
  (133, 'LTFRB_PUB1090', '725262', 'NAIA · Manila Airport → SM Fairview · Quezon City', 'LTFRB · NAIA SM Fairview', 'NAIA', 'SM Fairview', 'NAIA · Manila Airport', 'SM Fairview · Quezon City', 27, '08:00', '10:52', '2h 52m', 134, 87, ARRAY[1, 2, 9, 17, 25, 33, 37]::int[]),
  (134, 'LTFRB_PUB1090', '725262', 'NAIA · Manila Airport → SM Fairview · Quezon City', 'LTFRB · NAIA SM Fairview', 'NAIA', 'SM Fairview', 'NAIA · Manila Airport', 'SM Fairview · Quezon City', 28, '11:00', '13:52', '2h 52m', 134, 87, ARRAY[1, 2, 3, 9, 17, 25, 33]::int[]),
  (135, 'LTFRB_PUB1090', '725262', 'NAIA · Manila Airport → SM Fairview · Quezon City', 'LTFRB · NAIA SM Fairview', 'NAIA', 'SM Fairview', 'NAIA · Manila Airport', 'SM Fairview · Quezon City', 29, '14:00', '16:52', '2h 52m', 134, 87, ARRAY[1, 2, 3, 9, 17, 25, 33]::int[]),
  (136, 'LTFRB_PUB1091', '725496', 'NAIA · Manila Airport → SM Fairview · Quezon City', 'LTFRB · NAIA SM Fairview', 'NAIA', 'SM Fairview', 'NAIA · Manila Airport', 'SM Fairview · Quezon City', 30, '06:00', '09:03', '3h 4m', 132, 86, ARRAY[1, 2, 3, 9, 17, 25, 33]::int[]),
  (137, 'LTFRB_PUB1091', '725496', 'NAIA · Manila Airport → SM Fairview · Quezon City', 'LTFRB · NAIA SM Fairview', 'NAIA', 'SM Fairview', 'NAIA · Manila Airport', 'SM Fairview · Quezon City', 31, '08:00', '11:03', '3h 4m', 132, 86, ARRAY[1, 2, 5, 9, 17, 25, 33]::int[]),
  (138, 'LTFRB_PUB1091', '725496', 'NAIA · Manila Airport → SM Fairview · Quezon City', 'LTFRB · NAIA SM Fairview', 'NAIA', 'SM Fairview', 'NAIA · Manila Airport', 'SM Fairview · Quezon City', 32, '11:00', '14:03', '3h 4m', 132, 86, ARRAY[1, 2, 3, 9, 17, 25, 33]::int[]),
  (139, 'LTFRB_PUB1091', '725496', 'NAIA · Manila Airport → SM Fairview · Quezon City', 'LTFRB · NAIA SM Fairview', 'NAIA', 'SM Fairview', 'NAIA · Manila Airport', 'SM Fairview · Quezon City', 33, '14:00', '17:03', '3h 4m', 132, 86, ARRAY[1, 2, 9, 17, 25, 33, 39]::int[]),
  (140, 'LTFRB_PUB1098', '725357', 'Alabang · Muntinlupa south → Lawton · Plaza Lawton (Intramuros nearby)', 'LTFRB · Alabang - Plaza Lawton', 'Alabang', 'Plaza Lawton', 'Alabang · Muntinlupa south', 'Lawton · Plaza Lawton (Intramuros nearby)', 34, '06:00', '07:58', '1h 59m', 96, 62, ARRAY[1, 2, 3, 9, 17, 25, 33]::int[]),
  (141, 'LTFRB_PUB1098', '725357', 'Alabang · Muntinlupa south → Lawton · Plaza Lawton (Intramuros nearby)', 'LTFRB · Alabang - Plaza Lawton', 'Alabang', 'Plaza Lawton', 'Alabang · Muntinlupa south', 'Lawton · Plaza Lawton (Intramuros nearby)', 35, '08:00', '09:58', '1h 59m', 96, 62, ARRAY[1, 2, 3, 9, 17, 25, 33]::int[]),
  (142, 'LTFRB_PUB1098', '725357', 'Alabang · Muntinlupa south → Lawton · Plaza Lawton (Intramuros nearby)', 'LTFRB · Alabang - Plaza Lawton', 'Alabang', 'Plaza Lawton', 'Alabang · Muntinlupa south', 'Lawton · Plaza Lawton (Intramuros nearby)', 36, '11:00', '12:58', '1h 59m', 96, 62, ARRAY[1, 2, 5, 9, 17, 25, 33]::int[]),
  (143, 'LTFRB_PUB1098', '725357', 'Alabang · Muntinlupa south → Lawton · Plaza Lawton (Intramuros nearby)', 'LTFRB · Alabang - Plaza Lawton', 'Alabang', 'Plaza Lawton', 'Alabang · Muntinlupa south', 'Lawton · Plaza Lawton (Intramuros nearby)', 37, '14:00', '15:58', '1h 59m', 96, 62, ARRAY[1, 5, 9, 17, 25, 33, 37]::int[]),
  (144, 'LTFRB_PUB1099', '725994', 'Alabang · Muntinlupa south → Lawton · Plaza Lawton (Intramuros nearby)', 'LTFRB · Alabang - Plaza Lawton', 'Alabang', 'Plaza Lawton', 'Alabang · Muntinlupa south', 'Lawton · Plaza Lawton (Intramuros nearby)', 20, '06:00', '07:59', '2h', 97, 63, ARRAY[1, 2, 3, 9, 17, 25, 33]::int[]),
  (145, 'LTFRB_PUB1099', '725994', 'Alabang · Muntinlupa south → Lawton · Plaza Lawton (Intramuros nearby)', 'LTFRB · Alabang - Plaza Lawton', 'Alabang', 'Plaza Lawton', 'Alabang · Muntinlupa south', 'Lawton · Plaza Lawton (Intramuros nearby)', 21, '08:00', '09:59', '2h', 97, 63, ARRAY[1, 2, 3, 9, 17, 25, 33]::int[]),
  (146, 'LTFRB_PUB1099', '725994', 'Alabang · Muntinlupa south → Lawton · Plaza Lawton (Intramuros nearby)', 'LTFRB · Alabang - Plaza Lawton', 'Alabang', 'Plaza Lawton', 'Alabang · Muntinlupa south', 'Lawton · Plaza Lawton (Intramuros nearby)', 22, '11:00', '12:59', '2h', 97, 63, ARRAY[1, 2, 9, 17, 21, 25, 33]::int[]),
  (147, 'LTFRB_PUB1099', '725994', 'Alabang · Muntinlupa south → Lawton · Plaza Lawton (Intramuros nearby)', 'LTFRB · Alabang - Plaza Lawton', 'Alabang', 'Plaza Lawton', 'Alabang · Muntinlupa south', 'Lawton · Plaza Lawton (Intramuros nearby)', 23, '14:00', '15:59', '2h', 97, 63, ARRAY[1, 2, 3, 9, 17, 25, 33]::int[]),
  (148, 'LTFRB_PUB1105', '725951', 'Alabang · Muntinlupa south → Alabang · to Lawton (Manila)', 'LTFRB · Alabang Muntinlupa-Lawton via SSH Taft Ave', 'Alabang', 'Muntinlupa-Lawton', 'Alabang · Muntinlupa south', 'Alabang · to Lawton (Manila)', 24, '06:00', '07:48', '1h 48m', 86, 56, ARRAY[1, 2, 9, 17, 25, 33, 37]::int[]),
  (149, 'LTFRB_PUB1105', '725951', 'Alabang · Muntinlupa south → Alabang · to Lawton (Manila)', 'LTFRB · Alabang Muntinlupa-Lawton via SSH Taft Ave', 'Alabang', 'Muntinlupa-Lawton', 'Alabang · Muntinlupa south', 'Alabang · to Lawton (Manila)', 25, '08:00', '09:48', '1h 48m', 86, 56, ARRAY[1, 2, 3, 9, 17, 25, 33]::int[]),
  (150, 'LTFRB_PUB1105', '725951', 'Alabang · Muntinlupa south → Alabang · to Lawton (Manila)', 'LTFRB · Alabang Muntinlupa-Lawton via SSH Taft Ave', 'Alabang', 'Muntinlupa-Lawton', 'Alabang · Muntinlupa south', 'Alabang · to Lawton (Manila)', 26, '11:00', '12:48', '1h 48m', 86, 56, ARRAY[1, 2, 3, 9, 17, 25, 33]::int[]),
  (151, 'LTFRB_PUB1105', '725951', 'Alabang · Muntinlupa south → Alabang · to Lawton (Manila)', 'LTFRB · Alabang Muntinlupa-Lawton via SSH Taft Ave', 'Alabang', 'Muntinlupa-Lawton', 'Alabang · Muntinlupa south', 'Alabang · to Lawton (Manila)', 27, '14:00', '15:48', '1h 48m', 86, 56, ARRAY[1, 2, 9, 17, 25, 29, 33]::int[]),
  (152, 'LTFRB_PUB1108', '724864', 'Manila · Ermita / Asturias (near Rizal Park) → Manila · Ermita / Asturias (near Rizal Park)', 'LTFRB · Asturias-Ayala via Buendia Ave, Taft Ave', 'Asturias-Ayala', 'Asturias-Ayala', 'Manila · Ermita / Asturias (near Rizal Park)', 'Manila · Ermita / Asturias (near Rizal Park)', 28, '06:00', '07:08', '1h 9m', 65, 42, ARRAY[1, 2, 3, 9, 17, 25, 33]::int[]),
  (153, 'LTFRB_PUB1108', '724864', 'Manila · Ermita / Asturias (near Rizal Park) → Manila · Ermita / Asturias (near Rizal Park)', 'LTFRB · Asturias-Ayala via Buendia Ave, Taft Ave', 'Asturias-Ayala', 'Asturias-Ayala', 'Manila · Ermita / Asturias (near Rizal Park)', 'Manila · Ermita / Asturias (near Rizal Park)', 29, '08:00', '09:08', '1h 9m', 65, 42, ARRAY[1, 2, 9, 17, 25, 29, 33]::int[]),
  (154, 'LTFRB_PUB1108', '724864', 'Manila · Ermita / Asturias (near Rizal Park) → Manila · Ermita / Asturias (near Rizal Park)', 'LTFRB · Asturias-Ayala via Buendia Ave, Taft Ave', 'Asturias-Ayala', 'Asturias-Ayala', 'Manila · Ermita / Asturias (near Rizal Park)', 'Manila · Ermita / Asturias (near Rizal Park)', 30, '11:00', '12:08', '1h 9m', 65, 42, ARRAY[1, 2, 9, 17, 21, 25, 33]::int[]),
  (155, 'LTFRB_PUB1108', '724864', 'Manila · Ermita / Asturias (near Rizal Park) → Manila · Ermita / Asturias (near Rizal Park)', 'LTFRB · Asturias-Ayala via Buendia Ave, Taft Ave', 'Asturias-Ayala', 'Asturias-Ayala', 'Manila · Ermita / Asturias (near Rizal Park)', 'Manila · Ermita / Asturias (near Rizal Park)', 31, '14:00', '15:08', '1h 9m', 65, 42, ARRAY[1, 2, 3, 9, 17, 25, 33]::int[]),
  (156, 'LTFRB_PUB1109', '726081', 'Manila · Ermita / Asturias (near Rizal Park) → Manila · Ermita / Asturias (near Rizal Park)', 'LTFRB · Asturias-Ayala via Buendia Ave, Taft Ave', 'Asturias-Ayala', 'Asturias-Ayala', 'Manila · Ermita / Asturias (near Rizal Park)', 'Manila · Ermita / Asturias (near Rizal Park)', 32, '06:00', '07:23', '1h 24m', 77, 50, ARRAY[1, 2, 3, 9, 17, 25, 33]::int[]),
  (157, 'LTFRB_PUB1109', '726081', 'Manila · Ermita / Asturias (near Rizal Park) → Manila · Ermita / Asturias (near Rizal Park)', 'LTFRB · Asturias-Ayala via Buendia Ave, Taft Ave', 'Asturias-Ayala', 'Asturias-Ayala', 'Manila · Ermita / Asturias (near Rizal Park)', 'Manila · Ermita / Asturias (near Rizal Park)', 33, '08:00', '09:23', '1h 24m', 77, 50, ARRAY[1, 5, 7, 9, 17, 25, 33]::int[]),
  (158, 'LTFRB_PUB1109', '726081', 'Manila · Ermita / Asturias (near Rizal Park) → Manila · Ermita / Asturias (near Rizal Park)', 'LTFRB · Asturias-Ayala via Buendia Ave, Taft Ave', 'Asturias-Ayala', 'Asturias-Ayala', 'Manila · Ermita / Asturias (near Rizal Park)', 'Manila · Ermita / Asturias (near Rizal Park)', 34, '11:00', '12:23', '1h 24m', 77, 50, ARRAY[1, 2, 3, 9, 17, 25, 33]::int[]),
  (159, 'LTFRB_PUB1109', '726081', 'Manila · Ermita / Asturias (near Rizal Park) → Manila · Ermita / Asturias (near Rizal Park)', 'LTFRB · Asturias-Ayala via Buendia Ave, Taft Ave', 'Asturias-Ayala', 'Asturias-Ayala', 'Manila · Ermita / Asturias (near Rizal Park)', 'Manila · Ermita / Asturias (near Rizal Park)', 35, '14:00', '15:23', '1h 24m', 77, 50, ARRAY[1, 5, 9, 17, 25, 33, 35]::int[]),
  (160, 'LTFRB_PUB1135', '726297', 'Baclaran · SM Fairview corridor → Fairview · Quezon City north', 'LTFRB · Baclaran-SM Fairview via Quezon Ave', 'Baclaran-SM', 'Fairview', 'Baclaran · SM Fairview corridor', 'Fairview · Quezon City north', 36, '06:00', '08:08', '2h 9m', 100, 65, ARRAY[1, 2, 3, 9, 17, 25, 33]::int[]),
  (161, 'LTFRB_PUB1135', '726297', 'Baclaran · SM Fairview corridor → Fairview · Quezon City north', 'LTFRB · Baclaran-SM Fairview via Quezon Ave', 'Baclaran-SM', 'Fairview', 'Baclaran · SM Fairview corridor', 'Fairview · Quezon City north', 37, '08:00', '10:08', '2h 9m', 100, 65, ARRAY[1, 2, 3, 9, 17, 25, 33]::int[]),
  (162, 'LTFRB_PUB1135', '726297', 'Baclaran · SM Fairview corridor → Fairview · Quezon City north', 'LTFRB · Baclaran-SM Fairview via Quezon Ave', 'Baclaran-SM', 'Fairview', 'Baclaran · SM Fairview corridor', 'Fairview · Quezon City north', 20, '11:00', '13:08', '2h 9m', 100, 65, ARRAY[1, 2, 3, 9, 17, 25, 33]::int[]),
  (163, 'LTFRB_PUB1135', '726297', 'Baclaran · SM Fairview corridor → Fairview · Quezon City north', 'LTFRB · Baclaran-SM Fairview via Quezon Ave', 'Baclaran-SM', 'Fairview', 'Baclaran · SM Fairview corridor', 'Fairview · Quezon City north', 21, '14:00', '16:08', '2h 9m', 100, 65, ARRAY[1, 9, 13, 17, 25, 33, 37]::int[]),
  (164, 'LTFRB_PUB1136', '725766', 'Baclaran · SM Fairview corridor → Fairview · Quezon City north', 'LTFRB · Baclaran-SM Fairview via Quezon Ave', 'Baclaran-SM', 'Fairview', 'Baclaran · SM Fairview corridor', 'Fairview · Quezon City north', 22, '06:00', '08:11', '2h 11m', 105, 68, ARRAY[1, 2, 3, 9, 17, 25, 33]::int[]),
  (165, 'LTFRB_PUB1136', '725766', 'Baclaran · SM Fairview corridor → Fairview · Quezon City north', 'LTFRB · Baclaran-SM Fairview via Quezon Ave', 'Baclaran-SM', 'Fairview', 'Baclaran · SM Fairview corridor', 'Fairview · Quezon City north', 23, '08:00', '10:11', '2h 11m', 105, 68, ARRAY[1, 2, 9, 17, 21, 25, 33]::int[]),
  (166, 'LTFRB_PUB1136', '725766', 'Baclaran · SM Fairview corridor → Fairview · Quezon City north', 'LTFRB · Baclaran-SM Fairview via Quezon Ave', 'Baclaran-SM', 'Fairview', 'Baclaran · SM Fairview corridor', 'Fairview · Quezon City north', 24, '11:00', '13:11', '2h 11m', 105, 68, ARRAY[1, 2, 9, 17, 21, 25, 33]::int[]),
  (167, 'LTFRB_PUB1136', '725766', 'Baclaran · SM Fairview corridor → Fairview · Quezon City north', 'LTFRB · Baclaran-SM Fairview via Quezon Ave', 'Baclaran-SM', 'Fairview', 'Baclaran · SM Fairview corridor', 'Fairview · Quezon City north', 25, '14:00', '16:11', '2h 11m', 105, 68, ARRAY[1, 2, 4, 9, 17, 25, 33]::int[]),
  (168, 'LTFRB_PUB1141', '725126', 'Cainta · Ortigas East → Quiapo · Old Manila & markets', 'LTFRB · Cainta - Quiapo via Ortigas Ave, Magsaysay Blvd', 'Cainta', 'Quiapo', 'Cainta · Ortigas East', 'Quiapo · Old Manila & markets', 26, '06:00', '07:36', '1h 37m', 81, 53, ARRAY[1, 9, 10, 13, 17, 25, 33]::int[]),
  (169, 'LTFRB_PUB1141', '725126', 'Cainta · Ortigas East → Quiapo · Old Manila & markets', 'LTFRB · Cainta - Quiapo via Ortigas Ave, Magsaysay Blvd', 'Cainta', 'Quiapo', 'Cainta · Ortigas East', 'Quiapo · Old Manila & markets', 27, '08:00', '09:36', '1h 37m', 81, 53, ARRAY[1, 2, 3, 9, 17, 25, 33]::int[]),
  (170, 'LTFRB_PUB1141', '725126', 'Cainta · Ortigas East → Quiapo · Old Manila & markets', 'LTFRB · Cainta - Quiapo via Ortigas Ave, Magsaysay Blvd', 'Cainta', 'Quiapo', 'Cainta · Ortigas East', 'Quiapo · Old Manila & markets', 28, '11:00', '12:36', '1h 37m', 81, 53, ARRAY[1, 2, 3, 9, 17, 25, 33]::int[]),
  (171, 'LTFRB_PUB1141', '725126', 'Cainta · Ortigas East → Quiapo · Old Manila & markets', 'LTFRB · Cainta - Quiapo via Ortigas Ave, Magsaysay Blvd', 'Cainta', 'Quiapo', 'Cainta · Ortigas East', 'Quiapo · Old Manila & markets', 29, '14:00', '15:36', '1h 37m', 81, 53, ARRAY[1, 2, 9, 12, 17, 25, 33]::int[]),
  (172, 'LTFRB_PUB1142', '724683', 'Cainta · Ortigas East → Quiapo · Old Manila & markets', 'LTFRB · Cainta - Quiapo via Ortigas Ave, Magsaysay Blvd', 'Cainta', 'Quiapo', 'Cainta · Ortigas East', 'Quiapo · Old Manila & markets', 30, '06:00', '07:24', '1h 24m', 75, 49, ARRAY[1, 2, 3, 9, 17, 25, 33]::int[]),
  (173, 'LTFRB_PUB1142', '724683', 'Cainta · Ortigas East → Quiapo · Old Manila & markets', 'LTFRB · Cainta - Quiapo via Ortigas Ave, Magsaysay Blvd', 'Cainta', 'Quiapo', 'Cainta · Ortigas East', 'Quiapo · Old Manila & markets', 31, '08:00', '09:24', '1h 24m', 75, 49, ARRAY[1, 5, 9, 17, 25, 29, 33]::int[]),
  (174, 'LTFRB_PUB1142', '724683', 'Cainta · Ortigas East → Quiapo · Old Manila & markets', 'LTFRB · Cainta - Quiapo via Ortigas Ave, Magsaysay Blvd', 'Cainta', 'Quiapo', 'Cainta · Ortigas East', 'Quiapo · Old Manila & markets', 32, '11:00', '12:24', '1h 24m', 75, 49, ARRAY[1, 2, 3, 9, 17, 25, 33]::int[]),
  (175, 'LTFRB_PUB1142', '724683', 'Cainta · Ortigas East → Quiapo · Old Manila & markets', 'LTFRB · Cainta - Quiapo via Ortigas Ave, Magsaysay Blvd', 'Cainta', 'Quiapo', 'Cainta · Ortigas East', 'Quiapo · Old Manila & markets', 33, '14:00', '15:24', '1h 24m', 75, 49, ARRAY[1, 2, 9, 17, 22, 25, 33]::int[]),
  (176, 'LTFRB_PUB1144', '725370', 'Dasmariñas · Cavite → Lawton · Plaza Lawton (Intramuros nearby)', 'LTFRB · Dasmarinas - Plaza Lawton via E. Aguinaldo Highway, Roxas Blvd', 'Dasmarinas', 'Plaza Lawton', 'Dasmariñas · Cavite', 'Lawton · Plaza Lawton (Intramuros nearby)', 34, '06:00', '08:56', '2h 57m', 132, 86, ARRAY[1, 2, 3, 9, 17, 25, 33]::int[]),
  (177, 'LTFRB_PUB1144', '725370', 'Dasmariñas · Cavite → Lawton · Plaza Lawton (Intramuros nearby)', 'LTFRB · Dasmarinas - Plaza Lawton via E. Aguinaldo Highway, Roxas Blvd', 'Dasmarinas', 'Plaza Lawton', 'Dasmariñas · Cavite', 'Lawton · Plaza Lawton (Intramuros nearby)', 35, '08:00', '10:56', '2h 57m', 132, 86, ARRAY[1, 2, 9, 17, 25, 33, 37]::int[]),
  (178, 'LTFRB_PUB1144', '725370', 'Dasmariñas · Cavite → Lawton · Plaza Lawton (Intramuros nearby)', 'LTFRB · Dasmarinas - Plaza Lawton via E. Aguinaldo Highway, Roxas Blvd', 'Dasmarinas', 'Plaza Lawton', 'Dasmariñas · Cavite', 'Lawton · Plaza Lawton (Intramuros nearby)', 36, '11:00', '13:56', '2h 57m', 132, 86, ARRAY[1, 9, 17, 21, 25, 29, 33]::int[]),
  (179, 'LTFRB_PUB1144', '725370', 'Dasmariñas · Cavite → Lawton · Plaza Lawton (Intramuros nearby)', 'LTFRB · Dasmarinas - Plaza Lawton via E. Aguinaldo Highway, Roxas Blvd', 'Dasmarinas', 'Plaza Lawton', 'Dasmariñas · Cavite', 'Lawton · Plaza Lawton (Intramuros nearby)', 37, '14:00', '16:56', '2h 57m', 132, 86, ARRAY[1, 2, 9, 13, 17, 25, 33]::int[]),
  (180, 'LTFRB_PUJ1043', '725734', 'Antipolo · east of Metro Manila → Cubao · Araneta City', 'LTFRB · Antipolo - Cubao via Marcos Highway', 'Antipolo', 'Cubao', 'Antipolo · east of Metro Manila', 'Cubao · Araneta City', 20, '06:00', '08:03', '2h 4m', 114, 74, ARRAY[1, 5, 9, 17, 21, 25, 33]::int[]),
  (181, 'LTFRB_PUJ1043', '725734', 'Antipolo · east of Metro Manila → Cubao · Araneta City', 'LTFRB · Antipolo - Cubao via Marcos Highway', 'Antipolo', 'Cubao', 'Antipolo · east of Metro Manila', 'Cubao · Araneta City', 21, '08:00', '10:03', '2h 4m', 114, 74, ARRAY[1, 2, 3, 9, 17, 25, 33]::int[]),
  (182, 'LTFRB_PUJ1043', '725734', 'Antipolo · east of Metro Manila → Cubao · Araneta City', 'LTFRB · Antipolo - Cubao via Marcos Highway', 'Antipolo', 'Cubao', 'Antipolo · east of Metro Manila', 'Cubao · Araneta City', 22, '11:00', '13:03', '2h 4m', 114, 74, ARRAY[1, 9, 17, 21, 25, 29, 33]::int[]),
  (183, 'LTFRB_PUJ1043', '725734', 'Antipolo · east of Metro Manila → Cubao · Araneta City', 'LTFRB · Antipolo - Cubao via Marcos Highway', 'Antipolo', 'Cubao', 'Antipolo · east of Metro Manila', 'Cubao · Araneta City', 23, '14:00', '16:03', '2h 4m', 114, 74, ARRAY[1, 2, 9, 13, 17, 25, 33]::int[]),
  (184, 'LTFRB_PUJ1044', '726053', 'Antipolo · east of Metro Manila → Cubao · Araneta City', 'LTFRB · Antipolo - Cubao via Marcos Highway', 'Antipolo', 'Cubao', 'Antipolo · east of Metro Manila', 'Cubao · Araneta City', 24, '06:00', '07:46', '1h 46m', 107, 70, ARRAY[1, 9, 13, 17, 21, 25, 33]::int[]),
  (185, 'LTFRB_PUJ1044', '726053', 'Antipolo · east of Metro Manila → Cubao · Araneta City', 'LTFRB · Antipolo - Cubao via Marcos Highway', 'Antipolo', 'Cubao', 'Antipolo · east of Metro Manila', 'Cubao · Araneta City', 25, '08:00', '09:46', '1h 46m', 107, 70, ARRAY[1, 2, 3, 9, 17, 25, 33]::int[]),
  (186, 'LTFRB_PUJ1044', '726053', 'Antipolo · east of Metro Manila → Cubao · Araneta City', 'LTFRB · Antipolo - Cubao via Marcos Highway', 'Antipolo', 'Cubao', 'Antipolo · east of Metro Manila', 'Cubao · Araneta City', 26, '11:00', '12:46', '1h 46m', 107, 70, ARRAY[1, 2, 3, 9, 17, 25, 33]::int[]),
  (187, 'LTFRB_PUJ1044', '726053', 'Antipolo · east of Metro Manila → Cubao · Araneta City', 'LTFRB · Antipolo - Cubao via Marcos Highway', 'Antipolo', 'Cubao', 'Antipolo · east of Metro Manila', 'Cubao · Araneta City', 27, '14:00', '15:46', '1h 46m', 107, 70, ARRAY[1, 2, 3, 9, 17, 25, 33]::int[]),
  (188, 'LTFRB_PUJ1047', '724909', 'Antipolo · east of Metro Manila → Ortigas · Shaw Blvd / EDSA', 'LTFRB · Antipolo - EDSA/Shaw Blvd.', 'Antipolo', 'EDSA/Shaw Blvd.', 'Antipolo · east of Metro Manila', 'Ortigas · Shaw Blvd / EDSA', 28, '06:00', '07:09', '1h 10m', 81, 53, ARRAY[1, 2, 3, 9, 17, 25, 33]::int[]),
  (189, 'LTFRB_PUJ1047', '724909', 'Antipolo · east of Metro Manila → Ortigas · Shaw Blvd / EDSA', 'LTFRB · Antipolo - EDSA/Shaw Blvd.', 'Antipolo', 'EDSA/Shaw Blvd.', 'Antipolo · east of Metro Manila', 'Ortigas · Shaw Blvd / EDSA', 29, '08:00', '09:09', '1h 10m', 81, 53, ARRAY[1, 2, 9, 17, 25, 29, 33]::int[]),
  (190, 'LTFRB_PUJ1047', '724909', 'Antipolo · east of Metro Manila → Ortigas · Shaw Blvd / EDSA', 'LTFRB · Antipolo - EDSA/Shaw Blvd.', 'Antipolo', 'EDSA/Shaw Blvd.', 'Antipolo · east of Metro Manila', 'Ortigas · Shaw Blvd / EDSA', 30, '11:00', '12:09', '1h 10m', 81, 53, ARRAY[1, 2, 3, 9, 17, 25, 33]::int[]),
  (191, 'LTFRB_PUJ1047', '724909', 'Antipolo · east of Metro Manila → Ortigas · Shaw Blvd / EDSA', 'LTFRB · Antipolo - EDSA/Shaw Blvd.', 'Antipolo', 'EDSA/Shaw Blvd.', 'Antipolo · east of Metro Manila', 'Ortigas · Shaw Blvd / EDSA', 31, '14:00', '15:09', '1h 10m', 81, 53, ARRAY[1, 2, 3, 9, 17, 25, 33]::int[]),
  (192, 'LTFRB_PUJ1048', '725889', 'Antipolo · east of Metro Manila → Ortigas · Shaw Blvd / EDSA', 'LTFRB · Antipolo - EDSA/Shaw Blvd.', 'Antipolo', 'EDSA/Shaw Blvd.', 'Antipolo · east of Metro Manila', 'Ortigas · Shaw Blvd / EDSA', 32, '06:00', '07:08', '1h 9m', 80, 52, ARRAY[1, 2, 9, 13, 17, 25, 33]::int[]),
  (193, 'LTFRB_PUJ1048', '725889', 'Antipolo · east of Metro Manila → Ortigas · Shaw Blvd / EDSA', 'LTFRB · Antipolo - EDSA/Shaw Blvd.', 'Antipolo', 'EDSA/Shaw Blvd.', 'Antipolo · east of Metro Manila', 'Ortigas · Shaw Blvd / EDSA', 33, '08:00', '09:08', '1h 9m', 80, 52, ARRAY[1, 2, 3, 9, 17, 25, 33]::int[]),
  (194, 'LTFRB_PUJ1048', '725889', 'Antipolo · east of Metro Manila → Ortigas · Shaw Blvd / EDSA', 'LTFRB · Antipolo - EDSA/Shaw Blvd.', 'Antipolo', 'EDSA/Shaw Blvd.', 'Antipolo · east of Metro Manila', 'Ortigas · Shaw Blvd / EDSA', 34, '11:00', '12:08', '1h 9m', 80, 52, ARRAY[1, 2, 3, 9, 17, 25, 33]::int[]),
  (195, 'LTFRB_PUJ1048', '725889', 'Antipolo · east of Metro Manila → Ortigas · Shaw Blvd / EDSA', 'LTFRB · Antipolo - EDSA/Shaw Blvd.', 'Antipolo', 'EDSA/Shaw Blvd.', 'Antipolo · east of Metro Manila', 'Ortigas · Shaw Blvd / EDSA', 35, '14:00', '15:08', '1h 9m', 80, 52, ARRAY[1, 2, 9, 17, 25, 29, 33]::int[]);
